Nom du site où est dispensée la formation,Adresse du site de formation,Complément d’adresse du site de formation,Suite du complément d’adresse du site de formation,Ville du site de formation,Coordonnées géographiques du site de formation,Nom officiel (long) de l’établissement accrédité,Intitulé de la mention de master,Modalités d’enseignement de la mention,Intitulé du parcours,Modalités d’enseignement du parcours,Domaine(s) de la mention de master,Existence d’une capacité d’accueil limitée au 1er semestre,Capacité d’accueil limitée au 1er semestre,Année de la campagne de recueil des informations,Licences conseillées pour suivre la formation de la mention,URL de la fiche relative à la mention sur le site internet de l’établissement
Université Claude Bernard Lyon 1,43 Boulevard du 11 Novembre 1918,,,Villeurbanne,"45.778928,4.868194",Institut national des sciences appliquées de Lyon,Acoustique,Formation initiale,,,"SCIENCES, TECHNOLOGIES, SANTÉ",Sans objet,,2021.0,,http://master-acoustics.ec-lyon.fr/index.fr.php
Faculté des sciences,3. place Victor Hugo,,,Marseille,"43.296482,5.369779",Université d'Aix-Marseille,Acoustique et musicologie,Formation initiale|Formation continue,,,"ARTS, LETTRES, LANGUES|SCIENCES ET TECHNOLOGIES",Oui,24.0,2019.0,"Histoire de l'art et archéologie|Histoire|Sociologie|Informatique|Mathématiques|Mécanique|Physique|Sciences pour l'ingénieur|Arts du spectacle|Musicologie|Humanités|Sciences de l'Homme, anthropologie, ethnologie|Sciences et technologies",https://formations.univ-amu.fr/ME5HSM.html
Université de Poitiers,15  RUE DE L'HOTEL DIEU,Bât. E5 & E7 - TSA 71117,,POITIERS Cedex 9,,Université de Poitiers,Actuariat,Formation initiale|Formation continue|Alternance|Apprentissage,SARADS - Statistique et Actuariat,Formation initiale|Formation continue|Alternance|Apprentissage,"DROIT, ECONOMIE, GESTION",Oui,25.0,2021.0,,
Ecole des hautes études en santé publique,15 avenue du Professeur Léon Bernard,CS74312,,RENNES CEDEX,,Ecole des hautes études en santé publique,Administration de la santé,Formation initiale,Analyse et management des organisations de santé (AMOS – Paris),,"DROIT, ECONOMIE, GESTION",Sans objet,,2021.0,,
Faculté de droit et science politique,3. Avenue Robert Schuman,,,Aix-en-Provence,"43.529742,5.447427",Université d'Aix-Marseille,Administration et liquidation d'entreprises en difficulté,Formation initiale|Formation continue,,,"DROIT, ECONOMIE, GESTION",Oui,35.0,2019.0,Droit,
Université Paris-XII,61 avenue du Général de Gaulle,,,CRETEIL CEDEX,,Université Paris-XII,Administration et échanges internationaux,Formation initiale|Formation continue|Alternance|Apprentissage,Commerce électronique,Formation initiale|Formation continue|Alternance|Apprentissage,"DROIT, ECONOMIE, GESTION",Oui,380.0,2021.0,,
Institut Sociétés et Humanités - ISH,Les Tertiales,Rue des Cent Têtes,UA DROIT ADMINISTRATION PUBLIQUE,VALENCIENNES CEDEX 9,"50.364607,3.529644",Université Polytechnique Hauts-de-France,Administration publique,Formation initiale|Formation continue|Apprentissage,ADMINISTRATION DES SERVICES SANITAIRES ET SOCIAUX,Formation initiale|Formation continue|Apprentissage,"DROIT, ECONOMIE, GESTION",Oui,120.0,2021.0,Administration publique|Droit|Histoire|Economie et gestion|Géographie et aménagement|Humanités,https://formations.uphf.fr/cdm/program/FR_RNE_0593279U_PR_SOF-31103
"Faculté de Droit,  de sciences politiques et de gestion",1 place d'Athènes,,,Strasbourg,"0.0,-0.0",Université de Strasbourg,Administration économique et sociale,Formation initiale|Formation continue|Apprentissage,Commerce électronique,Formation initiale|Formation continue,"DROIT, ECONOMIE, GESTION",Oui,70.0,2020.0,,
UFR des Sciences,"Pôle scientifique Saint-Leu 33, rue Saint-Leu",,,AMIENS Cedex 1,"49.899048,2.300528",Université d'Amiens,"Agrosciences, environnement, territoires, paysage, forêt",Formation initiale|Formation continue,"ÉCOLOGIE, BIODIVERSITÉ (EB)",Formation initiale|Formation continue,"SCIENCES, TECHNOLOGIES, SANTÉ",Oui,60.0,2019.0,Géographie et aménagement|Sciences de la Terre|Sciences de la vie|Sciences de la vie et de la Terre,
Université de technologie de Compiègne,RUE ROGER COUTTOLENC,,,COMPIEGNE CEDEX,,Université de technologie de Compiègne,Analyse et politique économique,Formation initiale|Formation continue,"Politiques de la connaissance, de l’innovation et de la transition numérique (Knowledge, innovation and digital transition policies - KID)",Formation initiale|Formation continue,"DROIT, ECONOMIE, GESTION|SCIENCES HUMAINES ET SOCIALES",Oui,35.0,2020.0,,
Université de Strasbourg,4  RUE BLAISE PASCAL,,,STRASBOURG CEDEX,,Université de Strasbourg,Analyse et politique économiques,Formation initiale|Formation continue|Alternance|Apprentissage,Macroéconomie et politiques européennes,Formation initiale|Formation continue|Alternance|Apprentissage,"DROIT, ECONOMIE, GESTION",Oui,60.0,2021.0,,
Université Montpellier-III,ROUTE DE MENDE,,,MONTPELLIER CEDEX 5,,Université Montpellier-III,Anthropologie,Formation initiale|Formation continue,Humanités environnementales,Formation initiale|Formation continue,SCIENCES HUMAINES ET SOCIALES,Oui,30.0,2021.0,,
Centre de recherches Interuniversitaires (CRI),rue Charles V,,,PARIS,"0.0,-0.0",Université de Paris,Approches Interdisciplinaires de la Recherche et de l'Enseignement (AIRE),Formation initiale|Formation continue,Life Sciences (AIV),Formation initiale|Formation continue,"SCIENCES, TECHNOLOGIES, SANTÉ",Oui,60.0,2020.0,Psychologie|Sociologie|Physique|Langues étrangères appliquées|Géographie et aménagement|Frontières du vivant,https://odf.u-paris.fr/fr/offre-de-formation/master-lmd-XB/sciences-technologies-sante-STS/approche-interdisciplinaire-de-la-recherche-et-de-l-enseignement-K2VOCNYM//master-approches-interdisciplinaires-de-la-recherche-et-de-l-enseignement-m1-aire-JRXK8D6E.html?search-keywords=APPROCHES+INTERDISCIPLINAIRES+DE+LA+RECHERCHE+ET+DE+L%E2%8%99ENSEIGNEMENT
Université Lyon 3,Faculté des lettres et civilisations,Campus des quais,15 quai Claude Bernard,LYON,"45.752443,4.837579",Université Lyon-III,Archives,Formation initiale,,,SCIENCES HUMAINES ET SOCIALES,Oui,20.0,2019.0,Histoire,http://facdeslettres.univ-lyon3.fr/master-archives-994170.kjsp?RH=1388759123591
Université Montpellier-III,ROUTE DE MENDE,,,MONTPELLIER CEDEX 5,,Université Montpellier-III,Archéologie et histoire des mondes anciens,Formation initiale|Formation continue,Histoire de la méditerranée antique,Formation initiale|Formation continue,SCIENCES HUMAINES ET SOCIALES,Oui,105.0,2021.0,,
Université de Strasbourg,4  RUE BLAISE PASCAL,,,STRASBOURG CEDEX,,Université de Strasbourg,"Archéologie, sciences pour l'archéologie",Formation initiale|Formation continue,Parcours interdisciplinaire des mondes de l'Antiquité (MIMA),Formation initiale|Formation continue,SCIENCES HUMAINES ET SOCIALES,Oui,51.0,2021.0,,
Université de lille,Faculté des Humanités,rue du Barreau,Pont de Bois,Villeneuve d'Ascq,"0.0,-0.0",Université de Lille,Arts,Formation initiale|Formation continue,Musique et interprétation,Formation initiale|Formation continue,"ARTS, LETTRES, LANGUES",Oui,164.0,2020.0,,
Université Rennes 2 - Campus Villejean,Place du Recteur H. Le Moal,"UFR Arts, Lettres, Communication",,Rennes cedex,"48.119652,-1.702319",Université Rennes-II,Arts de la scène et du spectacle vivant,Formation initiale|Formation continue,Médiation du spectacle vivant à l'ère du numérique,Formation initiale|Formation continue|Alternance,"ARTS, LETTRES, LANGUES",Oui,45.0,2020.0,Arts du spectacle,https://formations.univ-rennes2.fr/fr/formations/master-37/master-mention-arts-de-la-scene-et-du-spectacle-vivant-JF8B30CZ.html#programContentd17a32e3-36ba-4f4c-9b6e-535bdea1d5c4-1
Université de Strasbourg,4  RUE BLAISE PASCAL,,,STRASBOURG CEDEX,,Université de Strasbourg,Arts plastiques,Formation initiale|Formation continue,"Critique-Essais, écritures de l'art contemporain",Formation initiale|Formation continue,"ARTS, LETTRES, LANGUES",Oui,61.0,2021.0,,
Université Paris 08,"2, rue de la Liberté",,,Saint-Denis,"48.945306,2.363875",Université Paris-X,"Arts, Technologies, Création",Formation initiale|Formation continue,La Création comme activité de recherche,Formation initiale|Formation continue,"ARTS, LETTRES, LANGUES",Oui,36.0,2019.0,,
Université de Nantes,1  QUAI DE TOURVILLE,,,NANTES CEDEX 2,,Université de Nantes,"Arts, lettres et civilisations",Formation initiale,Sciences de l'Antiquité,Formation initiale,"ARTS, LETTRES, LANGUES",Oui,175.0,2021.0,,
Ecole des hautes études en sciences sociales,54 boulevard Raspail,,,PARIS,,Ecole des hautes études en sciences sociales,"Arts, littératures, langages",Formation initiale,"Images, cultures visuelles, histoire de l'art",Formation initiale,SCIENCES HUMAINES ET SOCIALES,Oui,70.0,2021.0,,
Cnam Enjmin,138 rue de bordeaux,,,Angouleme,"45.653408,0.14954",Conservatoire national des arts et métiers,"Audiovisuel, médias interactifs numériques, jeux",Formation initiale,Jeux et médias interactifs numériques : programmeur,Formation initiale,"SCIENCES, TECHNOLOGIES, SANTÉ",Non,,2020.0,,
Université de Lille,Faculté des Sciences et Technologies,Département EEA,Cité scientifique,Villeneuve d'Ascq Cedex,"0.0,-0.0",Université de Lille,Automatique et systèmes électriques,Formation initiale|Formation continue|Alternance,Véhicules intelligents électriques,Formation initiale|Formation continue|Alternance,"SCIENCES, TECHNOLOGIES, SANTÉ",Oui,80.0,2021.0,"Electronique, énergie électrique, automatique",
UNIVERSITE SORBONNE UNIVERSITE,21 RUE DE L'ECOLE DE MEDECINE,,,PARIS,,UNIVERSITE SORBONNE UNIVERSITE,"Automatique, robotique",Formation initiale|Formation continue,Systèmes intelligents,Formation initiale|Formation continue,"SCIENCES, TECHNOLOGIES, SANTÉ",Oui,75.0,2021.0,,
Ecole centrale de Lyon,36  AVENUE GUY DE COLLONGUE,,,ECULLY CEDEX,,Ecole centrale de Lyon,Aéronautique et espace,Formation initiale,Dynamique et durabilité des composites,Formation initiale,"SCIENCES, TECHNOLOGIES, SANTÉ",Oui,22.0,2021.0,,
OSUR,263 avenue Général Leclerc,,,RENNES,"48.116359,-1.63838",Université Rennes-I,Bio-géosciences,Formation initiale,"Science de la vie, de la terre et de l'univers",Formation initiale,"SCIENCES, TECHNOLOGIES, SANTÉ",Oui,25.0,2020.0,,
Sciences de la Vie et de l'Environnement,Campus de Beaulieu,Avenue du Général Leclerc,CS 74205,RENNES,"48.118133,-1.637697",Université Rennes-I,Bio-informatique,Formation initiale,bio-informatique pour la santé,Formation initiale,"SCIENCES, TECHNOLOGIES, SANTÉ",Oui,48.0,2020.0,,
Université Claude Bernard Lyon 1,Faculté des Sciences,Bâtiment Lipmann,43 Boulevard du 11 novembre 1918,villeurbanne,"45.778928,4.868194",Université Lyon-I,"Biochimie, biologie moléculaire",Formation initiale,"Recherche biomédicale (M1 spécifique, destiné aux étudiants de santé)",Formation initiale|Formation continue,"SCIENCES, TECHNOLOGIES, SANTÉ",Oui,70.0,2020.0,,
Université de Rennes 1,Campus de Beaulieu,,,RENNES,"48.116992,-1.634028","Institut supérieur des sciences agronomiques, agroalimentaires, horticoles et du paysage, Agrocampus Ouest","Biodiversité, écologie et évolution",Formation initiale|Formation continue,Modélisation en Ecologie - MODE,Formation initiale|Formation continue,"SCIENCES, TECHNOLOGIES, SANTÉ",Sans objet,,2019.0,,
UFR Sciences,Place Eugène Bataillon,,,MONTPELLIER,"43.63419,3.86662",Université de Montpellier,Bioinformatique,Formation initiale|Formation continue,,,"SCIENCES, TECHNOLOGIES, SANTÉ",Oui,30.0,2021.0,Informatique|Sciences pour la santé,https://formations.umontpellier.fr/odf/bioinformatique.html
Ecole normale supérieure de Lyon,15  PARVIS RENE DESCARTES,,,LYON CEDEX 07,,Ecole normale supérieure de Lyon,Biologie,Formation initiale,FEADéP (SV-STU),Formation initiale,"SCIENCES, TECHNOLOGIES, SANTÉ",Oui,27.0,2021.0,,
Université de Franche-Comté,UFR Sciences et Techniques,16. route de Gray,,BESANÇON,"5.989696,47.244401",COMUE Bourgogne Franche-Comté,Biologie de la conservation,Formation initiale|Formation continue|Alternance|Hybride,"Ecology, Monitoring and Management of Ecosystems (EMME)(Ecologie, Diagnostic et Gestion des Ecosystèmes)",Formation initiale|Formation continue|Alternance|Hybride,"SCIENCES, TECHNOLOGIES, SANTÉ",Oui,30.0,2020.0,,
"Institut d'enseignement supérieur et de recherche en alimentation, santé animale, sciences agronomiques et de l'environnement",1 AVENUE BOURGELAT,,,MARCY L ETOILE,"45.790736,4.708956","Institut d'enseignement supérieur et de recherche en alimentation, santé animale, sciences agronomiques et de l'environnement",Biologie intégrative et physiologie,Formation initiale,"Régulation cardio-vasculaires, métaboliques et nutrionelles",,"SCIENCES, TECHNOLOGIES, SANTÉ",Sans objet,,2019.0,,
Université Lyon-I,43 BOULEVARD DU 11 NOVEMBRE 1918,,,VILLEURBANNE CEDEX,,Université Lyon-I,Biologie moléculaire et cellulaire,Formation initiale,INFECTIOLOGIE FONDAMENTALE,Formation initiale,"SCIENCES, TECHNOLOGIES, SANTÉ",Oui,100.0,2021.0,,
Faculté des sciences,163 avenue de Luminy,Case 901,,Marseille,"43.296482,5.369779",Université d'Aix-Marseille,"Biologie structurale, génomique",Formation initiale|Formation continue|Alternance|Apprentissage,Biochimie structurale (BS),Formation initiale|Formation continue|Alternance|Apprentissage,SCIENCES ET TECHNOLOGIES,Oui,32.0,2021.0,Sciences de la vie|Sciences de la vie et de la Terre|Sciences pour la santé,https://formations.univ-amu.fr/ME5SBG.html
"Institut d'enseignement supérieur et de recherche en alimentation, santé animale, sciences agronomiques et de l'environnement",1 AVENUE BOURGELAT,,,MARCY L ETOILE,"45.790736,4.708956","Institut d'enseignement supérieur et de recherche en alimentation, santé animale, sciences agronomiques et de l'environnement",Biologie végétale,Formation initiale,Phytoressources et phytosciences,,"SCIENCES, TECHNOLOGIES, SANTÉ",Non,,2019.0,,
DUSA,Campus Agen,Avenue Michel Serres,,AGEN,"44.184242,0.625997",Université de Bordeaux,"Biologie, agrosciences",Formation initiale|Formation continue|Apprentissage,Production et innovations en agro-alimentaire,Formation initiale|Formation continue|Apprentissage,"SCIENCES, TECHNOLOGIES, SANTÉ",Oui,75.0,2020.0,,
Ecole Polytechnique,,,,Palaiseau,"48.718073,2.249671",Communauté d'universités et établissements Université Paris-Saclay,Biologie-santé,Formation initiale|Apprentissage,"M1 Biologie-Santé - Plateforme génétique, biologie Moléculaire et Cellulaire - Site UVSQ",Formation initiale,"SCIENCES, TECHNOLOGIES, SANTÉ",Oui,439.0,2019.0,,
UFR d'Odontologie,2 rue du Général Koenig,,,REIMS,"49.225096,4.01918",Université de Reims,Biomécanique,Formation initiale|Formation continue,Biomécanique-biomatériaux-santé,Formation initiale|Formation continue,"SCIENCES, TECHNOLOGIES, SANTÉ",Oui,30.0,2020.0,,
Faculté des sciences,3 place Victor Hugo,,,Marseille,"43.296482,5.369779",Université d'Aix-Marseille,Biotechnologie médicale - Biotechnologie végétale - Pharmacologie / Medical biotechnology - Plant biotechnology - Pharmacology,Formation initiale,,,SCIENCES ET TECHNOLOGIES,Sans objet,,2020.0,,https://sciences.univ-amu.fr/
ENSAT,AVENUE DE L'AGROBIOPOLE,,,CASTANET-TOLOSAN,"43.519315,1.496865",Institut national polytechnique de Toulouse,Biotechnologies,Formation initiale|Formation continue,"Bio-Ingénierie : santé, aliments (BING)",Formation initiale|Formation continue,"SCIENCES, TECHNOLOGIES, SANTÉ",Sans objet,,2020.0,,
Cnam,292 rue Saint Martin,,,Paris,"48.866961,2.354634",Conservatoire national des arts et métiers,CRIMINOLOGIE,Formation continue,expertise criminologique,,"DROIT, ECONOMIE, GESTION",Non,,2020.0,,
Perpignan,UFR SCIENCES JURIDIQUES ET ECONOMIQUES,UNIVERSITE DE PERPIGNAN,"52, Avenue PAUL ALDUY",PERPIGNAN,"42.682878,2.90181",Université de Perpignan,"Calcul haute performance, simulation",Formation initiale|Alternance,,,"SCIENCES, TECHNOLOGIES, SANTÉ",Oui,24.0,2021.0,,
Institut des Sciences Pharmac. et Biol.,ISPB - Pharmacie,Bâtiment Rockefeller principal,8 avenue Rockefeller,LYON,"45.742275,4.880107",Université Lyon-I,Cancer,Formation initiale|Formation continue,BIOLOGIE DU CANCER,Formation initiale|Formation continue,"SCIENCES, TECHNOLOGIES, SANTÉ",Oui,40.0,2020.0,,
UFR des sciences et techniques,25 rue Philippe Lebon,,,Le Havre,"49.495859,0.129114",Université du Havre,Chimie,Formation initiale,XL-Chem  (sous réserve de validation par les instances),Formation initiale,"SCIENCES, TECHNOLOGIES, SANTÉ",Oui,30.0,2020.0,,
FACULTE DES SCIENCES ET TECHNIQUES,Avenue Monge,Parc de Grandmont,,TOURS,"47.356786,0.70247",Université de Tours,Chimie et sciences des matériaux,Formation initiale|Formation continue,Matériaux pour les nouvelles technologies de l'énergie,Formation initiale|Formation continue,"SCIENCES, TECHNOLOGIES, SANTÉ",Oui,40.0,2020.0,,
Université de Brest,3 RUE DES ARCHIVES,,,BREST CEDEX 2,,Université de Brest,Chimie et sciences du vivant,Formation initiale|Formation continue,Chimie de l'environnement marin,Formation initiale|Formation continue,SCIENCES DE LA MER ET DU LITTORAL,Oui,20.0,2021.0,,
UFR Collegium Sciences et Techniques,,,,Orléans,"47.901977,1.903836",Université d'Orléans,Chimie moléculaire,Formation initiale|Formation continue,Bioactifs et cosmétiques (apprentissage : en 2e année),Formation initiale|Formation continue|Apprentissage,"SCIENCES, TECHNOLOGIES, SANTÉ",Oui,40.0,2019.0,Chimie,
Université Lyon-I,43 BOULEVARD DU 11 NOVEMBRE 1918,,,VILLEURBANNE CEDEX,,Université Lyon-I,Chimie physique et analytique,Formation initiale|Alternance|Apprentissage,CRIMINALISTIQUE,Formation initiale|Formation continue,"SCIENCES, TECHNOLOGIES, SANTÉ",Oui,60.0,2021.0,,
Faculté des sciences,9 Boulevard Lakanal,Département SATIS,,Aubagne,"43.292678,5.567643",Université d'Aix-Marseille,Cinéma et audiovisuel,Formation initiale|Formation continue,Ingénierie de l'image et de la prise de vue,Formation initiale|Formation continue,"ARTS, LETTRES, LANGUES|SCIENCES ET TECHNOLOGIES",Oui,82.0,2020.0,,
Campus de Troubiran,,BP 20792,,Cayenne Cedex,"44.455295,-0.37674",Université de la Guyane,"Civilisations, cultures et sociétés",Formation initiale,,,"SCIENCES HUMAINES ET SOCIALES | ARTS, LETTRES, LANGUES",Oui,40.0,2019.0,"Langues, littératures et civilisations étrangères et régionales|Humanités|Sciences de l'Homme, anthropologie, ethnologie|Etudes culturelles|Sciences et Humanités",
Université de Lille,42 rue Paul Duez,,,LILLE,,Université de Lille,Commerce et distribution,Formation initiale|Formation continue|Apprentissage,Commerce et distribution connectés - En apprentissage,Apprentissage,"DROIT, ECONOMIE, GESTION",Oui,210.0,2021.0,,
Université Paris-Saclay,Route de l'Orme aux Merisiers RD,,,ST AUBIN,,Université Paris-Saclay,Communication des organisations,Formation initiale|Formation continue|Alternance|Apprentissage,M2 Politiques de communication et développement des organisations,Formation continue|Apprentissage,SCIENCES HUMAINES ET SOCIALES,Oui,59.0,2021.0,,
Université Rennes-II,PLACE DU RECTEUR LE MOAL,,,RENNES CEDEX,,Université Rennes-II,Communication publique et politique,Formation initiale|Formation continue|Alternance,"Communication, animation, innovation des territoires",Formation initiale|Formation continue|Alternance,SCIENCES HUMAINES ET SOCIALES,Oui,40.0,2021.0,,
Institut Montpellier Management,163  RUE AUGUSTE BROUSSONNET,,,MONTPELLIER,"43.615803,3.872114",Université de Montpellier,Comptabilité - contrôle - audit,Formation initiale|Formation continue,,,"DROIT, ECONOMIE, GESTION",Oui,30.0,2020.0,Gestion,https://formations.umontpellier.fr/fr/formations/droit-economie-gestion-DEG/master-XB/master-comptabilite-controle-audit-program-master-comptabilite-controle-audit.html
UFR 03 Histoire de l'art et archéologie,3 rue Michelet,,,Paris,"48.84245,2.33604",Université Paris-I,Conservation-restauration des biens culturels,Formation initiale,Conservation préventive du patrimoine (C2P),Formation initiale,SCIENCES HUMAINES ET SOCIALES,Oui,50.0,2020.0,,
Ecole de Management de Toulouse,2 RUE DU DOYEN GABRIEL MARTY,,,TOULOUSE,"43.606067,1.438167",Université Toulouse-I,Contrôle de gestion et audit organisationnel,Formation initiale|Formation continue|Alternance,Contrôle de gestion et audit organisationnel,Formation initiale,"DROIT, ECONOMIE, GESTION",Oui,80.0,2019.0,,
UFR Histoire. Arts et Archéologie,5 allées Antonio Machado,,,TOULOUSE,"43.577692,1.404103",Université Toulouse-II,Création artistique,Formation initiale|Formation continue,"Création Artistique, Recherche et pratique du Monde de l'Art (CARMA)",Formation initiale|Formation continue,"ARTS, LETTRES, LANGUES",Oui,27.0,2020.0,,
UFR Lettres. Culture et Sciences Humaines,29 boulevard Gergovia,,,CLERMONT-FERRAND,"45.772759,3.085385",Université Clermont Auvergne,Création littéraire,Formation initiale|Formation continue,Création éditoriale des littératures de jeunesse et générales,Formation initiale|Formation continue,"ARTS, LETTRES, LANGUES",Oui,120.0,2020.0,,
Université Rennes 2 - Campus Villejean,Place du Recteur H. Le Moal,"UFR Arts, Lettres, Communication",,Rennes cedex,"48.119652,-1.702319",Université Rennes-II,Création numérique,Formation initiale|Formation continue,,,"ARTS, LETTRES, LANGUES",Oui,30.0,2021.0,"Arts|Informatique|Arts du spectacle|Arts plastiques|Musicologie|Electronique, énergie électrique, automatique",https://formations.univ-rennes2.fr/fr/formations/master-37/master-mention-creation-numerique-JF9FRW72.html?search-keywords=num%C3%A9rique
UFR Lettres. Philosophie. Musique. Arts du spectacle et Communication,5 allées Antonio Machado,,,TOULOUSE,"43.577692,1.404103",Université Toulouse-II,Culture et communication,Formation initiale|Formation continue,Communication audiovisuelle et médias,Formation initiale|Formation continue,SCIENCES HUMAINES ET SOCIALES,Oui,40.0,2020.0,,
Université Paris-Saclay,Route de l'Orme aux Merisiers RD,,,ST AUBIN,,Université Paris-Saclay,"Culture, patrimoine et médiation",Formation initiale|Formation continue,M2 Administration culturelle,Formation initiale|Formation continue,SCIENCES HUMAINES ET SOCIALES,Oui,39.0,2021.0,,
Université Montpellier-III,ROUTE DE MENDE,,,MONTPELLIER CEDEX 5,,Université Montpellier-III,Danse,Formation initiale|Formation continue,Etudes chorégraphiques : recherche et représentation,Formation initiale|Formation continue,"ARTS, LETTRES, LANGUES",Oui,7.0,2021.0,,
Palaiseau,,,,Palaiseau,"0.0,-0.0",Université Paris-Saclay,Design,Formation initiale|Formation continue,M1 Recherche en design,Formation initiale,"SCIENCES, TECHNOLOGIES, SANTÉ",Oui,44.0,2020.0,,
Rennes,UFR langues,Place recteur Henri Le Moal,,Rennes,"48.123634,-1.700273",Université Rennes-II,Didactique des langues,Formation initiale|Formation continue,Numérique et Ingénierie Pédagogique pour l'enseignement de la langue étrangère - ALE/FLE et autres langues,Formation initiale|Formation continue,"ARTS, LETTRES, LANGUES",Oui,60.0,2019.0,"Lettres|Sciences de l'éducation|Sciences du langage|Langues, littératures et civilisations étrangères et régionales",https://formations.univ-rennes2.fr/fr/formations/master-37/master-mention-didactique-des-langues-JFC6ZDIE.html
Université Lyon-I,43 BOULEVARD DU 11 NOVEMBRE 1918,,,VILLEURBANNE CEDEX,,Université Lyon-I,Didactique des sciences,Formation initiale,DIDACTIQUE DES SCIENCES EXPERIMENTALES ET DES MATHEMATIQUES,Formation initiale|Formation continue,"SCIENCES, TECHNOLOGIES, SANTÉ",Oui,10.0,2021.0,,
Institut de la Communication,5 avenue Pierre Mendes-France,,,Bron,"45.722593,4.915126",Université Lyon-II,Direction de projets ou établissements culturels,Formation initiale|Formation continue,Management de la culture dans les Balkans,Formation initiale|Formation continue,SCIENCES HUMAINES ET SOCIALES,Oui,24.0,2020.0,,
Faculté de Droit et de Science Politique,57 rue Pierre Taittinger,BP 30,,REIMS cedex,"49.2374,4.003494",Université de Reims,Droit,Formation initiale|Formation continue,Droit du vin et des spiritueux,Formation initiale|Formation continue,"DROIT, ECONOMIE, GESTION",Oui,12.0,2019.0,,
UVSQ - Faculté de Droit et de Science politique,3. rue de la Division Leclerc,,,Guyancourt,"48.785659,2.051572",Université de Versailles Saint-Quentin-en-Yvelines,Droit administratif,Formation initiale|Formation continue,Droit immobilier public,Formation initiale|Formation continue|Apprentissage,"DROIT, ECONOMIE, GESTION",Oui,30.0,2019.0,,
Université Lyon 3,Faculté de droit,Campus des Quais,15 quai Claude Bernard,LYON,"45.752443,4.837579",Université Lyon-III,Droit bancaire et financier,Formation initiale,DROIT BANCAIRE ET FINANCIER,Formation initiale,"DROIT, ECONOMIE, GESTION",Oui,15.0,2019.0,,
Faculté de Théologie Catholique,9 PLACE DE L'UNIVERSITE,,,Strasbourg,"48.584893,7.761833",Université de Strasbourg,Droit canonique,Formation initiale|Formation continue,,,Autre Domaine,Oui,50.0,2020.0,Droit canonique,http://www.unistra.fr/index.php?id=27887&tx_unistrarof_pi1%5Brof-program%5D=ME84&cHash=38f98a1ee8fd4d86cd8a766476b059fe#data-rof-tab-presentation
UFR DEA,Campus Saulcy,,,METZ,"49.120704,6.163155",Université de Lorraine,Droit civil,Formation initiale|Formation continue,Droit civil général,Formation initiale|Formation continue,"DROIT, ECONOMIE, GESTION ET SCIENCE POLITIQUE",Oui,75.0,2021.0,Droit,https://formations.univ-lorraine.fr/17-master/s-1/mention_du_diplome-droit_civil/type_de_diplome-master
Ecole de Droit de la Sorbonne - Département de droit privé,12 Place du Panthéon,,,Paris,"48.846802,2.344876",Université Paris-I,Droit comparé,Formation initiale,,,"DROIT, ECONOMIE, GESTION",Non,,2019.0,Droit,
UFR Droit et Science Politique,163  RUE AUGUSTE BROUSSONNET,,,MONTPELLIER,"3.872114,43.615803",Université de Montpellier,Droit de l'entreprise,Formation initiale|Formation continue,Droit bancaire et financier,Formation initiale|Formation continue,"DROIT, ECONOMIE, GESTION",Oui,104.0,2020.0,,
UFR Droit et Science Politique,39 rue de l'Université,,,MONTPELLIER,"43.61403,3.87705",Université de Montpellier,Droit de l'environnement,Formation initiale|Formation continue,,,"DROIT, ECONOMIE, GESTION",Oui,35.0,2021.0,Droit,https://formations.umontpellier.fr/odf/droit_de_l_environnement.html
Faculté de Droit et des Sciences politiques,Chemin de la Censive du Tertre,,,Nantes,"47.244571,-1.552082",Université de Nantes,Droit de l'environnement et de l'urbanisme,Formation initiale|Formation continue|Alternance,Ville et Territoires : Politiques et pratiques de l'Urbanisme,Formation initiale|Formation continue|Alternance,"DROIT, ECONOMIE, GESTION",Oui,34.0,2019.0,,
Narbonne,UFR SCIENCES JURIDIQUES ET ECONOMIQUES - Antenne de Narbonne,UNIVERSITE DE PERPIGNAN,Avenue PIERRE DE COUBERTIN BP.818,NARBONNE,"43.184095,3.02274",Université de Perpignan,Droit de l'immobilier,Formation initiale,Droit des biens et promotion immobilière,Formation initiale,"DROIT, ECONOMIE, GESTION",Non,,2020.0,,
UFR Droit et Science Politique,163  RUE AUGUSTE BROUSSONNET,,,MONTPELLIER,"43.615803,3.872114",Université de Montpellier,Droit de l'économie,Formation initiale|Formation continue,,,"DROIT, ECONOMIE, GESTION",Oui,30.0,2019.0,Droit,https://formations.umontpellier.fr/odf/droit_de_l_economie.html
Centre d'Etudes Internationales de la Propriété Intellectuelle,11 RUE DU MARECHAL JUIN,,,Strasbourg,"48.578295,7.761541",Université de Strasbourg,Droit de la propriété intellectuelle,Formation initiale|Formation continue,Droit européen et international de la propriété intellectuelle,Formation initiale|Formation continue,"DROIT, ECONOMIE, GESTION",Oui,20.0,2019.0,,
Sceaux,,,,Sceaux,"0.0,-0.0",Université Paris-Saclay,Droit de la propriété intellectuelle et du numérique,Formation initiale|Formation continue|Apprentissage,M1 Droit de la propriété intellectuelle et du numérique - Site Sceaux,Formation initiale,"SCIENCES HUMAINES ET SOCIALES | DROIT, ECONOMIE, GESTION",Oui,60.0,2020.0,,
UFR Droit et Science politique,Campus Pessac,16 avenue Léon Duguit,CS50057,PESSAC,"44.799011,-0.615142",Université de Bordeaux,Droit de la santé,Formation initiale|Formation continue,,,"DROIT, ECONOMIE, GESTION ET SCIENCE POLITIQUE",Oui,30.0,2021.0,Droit|Administration économique et sociale,https://www.u-bordeaux.fr/formation/PRMA_112/droit-de-la-sante
Université de Brest,3 RUE DES ARCHIVES,,,BREST CEDEX 2,,Université de Brest,Droit des activités maritimes,Formation initiale|Formation continue,"Droit, mer et littoral",Formation initiale|Formation continue,SCIENCES DE LA MER ET DU LITTORAL,Oui,23.0,2021.0,,
Université de Lille,42 rue Paul Duez,,,LILLE,,Université de Lille,Droit des affaires,Formation initiale|Formation continue|Apprentissage,Droit fiscal des affaires- En apprentissage,Apprentissage,"DROIT, ECONOMIE, GESTION",Oui,115.0,2021.0,,
Université Paris II,92 rue d'Assas,,,Paris,"48.843572,2.333494",Université Paris-II,Droit des affaires franco-asiatiques,Formation initiale,Droit des affaires franco-asiatiques,Formation initiale,"DROIT, ECONOMIE, GESTION",Oui,30.0,2019.0,,
Université du Mans,Avenue O. Messiaen,,,LE MANS,"0.0,-0.0",Université du Mans,Droit des assurances,Formation initiale|Formation continue,,,"DROIT, ECONOMIE, GESTION ET SCIENCE POLITIQUE",Oui,13.0,2021.0,Droit,http://www.univ-lemans.fr/fr/formation/catalogue-des-formations/master-lmd-MLMD/droit-economie-gestion-0002/master-droit-des-assurances-program-master-droit-des-assurances.html
UFR Droit. Sciences Sociales. Economiques et de Gestion,Campus Mariani,22. avenue Jean NICOLI,BP52,CORTE,"42.305915,9.155295",Université de Corse,Droit des collectivités territoriales,Formation initiale,,,"DROIT, ECONOMIE, GESTION ET SCIENCE POLITIQUE",Oui,20.0,2019.0,Administration publique|Droit,https://applisweb.universita.corsica/devu/fiches_diplomes/fiches_diplomes-front/index-front.php?rbk=2&profil=&id_site=1&acces=ok&id_art=389&id_rub=162&id_fiche=CDE_M_DCT_
UFR de Droit et sciences politiques,Esplanade de la paix,,CS 14032,CAEN,"49.188901,-0.363377",Université de Caen,Droit des libertés,Formation initiale,,,"DROIT, ECONOMIE, GESTION",Oui,22.0,2019.0,Droit,https://uniform.unicaen.fr/catalogue/formation/master/5098-master-droit-des-libertes?s=droit&r=1333118853547
UPEC - UFR de DROIT,83-85 avenue du Général de Gaulle,,,CRETEIL,"48.793736,2.446539",Université Paris-XII,Droit du numérique,Apprentissage,Droit et Informatique,Apprentissage,"DROIT, ECONOMIE, GESTION",Oui,24.0,2019.0,,
UFR Droit et Science Politique,163  RUE AUGUSTE BROUSSONNET,,,MONTPELLIER,"3.872114,43.615803",Université de Montpellier,Droit du patrimoine,Formation initiale|Formation continue,"Immobilier, Construction, Urbanisme",Formation initiale|Formation continue,"DROIT, ECONOMIE, GESTION",Oui,24.0,2020.0,Droit,https://formations.umontpellier.fr/odf/droit_du_patrimoine.html
Université Paris-XII,61 avenue du Général de Gaulle,,,CRETEIL CEDEX,,Université Paris-XII,Droit et Finance,,,,"DROIT, ECONOMIE, GESTION",Sans objet,,2021.0,Droit,http://droit.u-pec.fr/formations/
"Ecole de Droit de la Sorbonne - Département Masters de Droit international, européen et comparé",12 place du Panthéon,,,Paris,"48.846802,2.344876",Université Paris-I,Droit européen,Formation initiale,,,"DROIT, ECONOMIE, GESTION",Oui,40.0,2019.0,Droit,https://www.pantheonsorbonne.fr/ufr/eds-departement-droit-iec/formations-219-22/mentions/droit-europeen/
UFR DEA,Campus Saulcy,,,METZ,"49.120704,6.163155",Université de Lorraine,Droit fiscal,Formation initiale|Formation continue,Procédures et fiscalités appliqués,Formation initiale|Formation continue,"DROIT, ECONOMIE, GESTION ET SCIENCE POLITIQUE",Oui,25.0,2020.0,Droit,http://fac-droit-economie-administration.univ-lorraine.fr/nos-formations/formation-initiale/master-1
Université Paris Nanterre,200. avenue de la République,,,Nanterre,"48.906425,2.211478",Université Paris-X,Droit français - Droits étrangers,Formation initiale|Formation continue,Droit Français - Droit italien,Formation initiale|Formation continue,"DROIT, ECONOMIE, GESTION",Oui,145.0,2019.0,,
UFR Droit et Science politique,Campus Pessac,16 avenue Léon Duguit,CS50057,PESSAC,"44.799011,-0.615142",Université de Bordeaux,Droit international,Formation initiale,Droit des échanges euro-méditerranéens,Formation initiale,"DROIT, ECONOMIE, GESTION ET SCIENCE POLITIQUE",Oui,105.0,2020.0,,
UFR Droit et Science Politique,,,,Evry,"48.623719,2.428773",Communauté d'universités et établissements Université Paris-Saclay,Droit international et droit européen,Formation initiale,M1 Droit international et européen des affaires,Formation initiale,"DROIT, ECONOMIE, GESTION",Non,,2019.0,,
Université Lyon-III,1  RUE DE L'UNIVERSITE,,,LYON CEDEX 02,,Université Lyon-III,Droit notarial,Formation initiale,Droit notarial interne,Formation initiale,"DROIT, ECONOMIE, GESTION",Oui,50.0,2021.0,,
Université Toulouse-I,2  RUE DU DOYEN GABRIEL MARTY,,,TOULOUSE CEDEX 9,,Université Toulouse-I,Droit privé,Formation initiale|Formation continue,Contrats et Responsabilité des Professionnels,Formation initiale|Formation continue,"DROIT, ECONOMIE, GESTION",Oui,108.0,2021.0,,
Université du Mans,AVENUE OLIVIER MESSIAEN,,,LE MANS CEDEX 9,,Université du Mans,Droit public,Formation initiale|Formation continue,Droit public économique,Formation initiale|Formation continue,"DROIT, ECONOMIE, GESTION ET SCIENCE POLITIQUE",Oui,18.0,2021.0,,
UFR Droit et Sces Sociales,43 place Charles de Gaulle,Bât. E9,TSA 81100,POITIERS,"46.583868,0.343219",Université de Poitiers,Droit public des affaires,Formation initiale|Formation continue|Alternance,Droit de l'Urbanisme et de la Construction,Formation initiale|Formation continue|Alternance,"DROIT, ECONOMIE, GESTION",Oui,40.0,2019.0,,
UFR FDSEG,13 place Carnot,,,NANCY,"48.693317,6.176601",Université de Lorraine,Droit pénal et sciences criminelles,Formation initiale|Formation continue,Prévention du risque pénal économique et financier,Formation initiale|Formation continue,"DROIT, ECONOMIE, GESTION ET SCIENCE POLITIQUE",Non,,2019.0,,
CY Cergy Paris Université,33 boulevard DU PORT,,,CERGY PONTOISE CEDEX,,CY Cergy Paris Université,Droit social,,Droit social,,"DROIT, ECONOMIE, GESTION",Non,,2021.0,Droit,
Université Paris-II,12  PLACE DU PANTHEON,,,PARIS CEDEX 05,,Université Paris-II,Droits de l'homme et Justice internationale,Formation initiale,Justice pénale internationale,Formation initiale,"DROIT, ECONOMIE, GESTION",Oui,50.0,2021.0,,
Institut de Démographie - IDUP,90 rue de Tolbiac,,,Paris,"48.826949,2.364806",Université Paris-I,Démographie,Formation initiale,,,SCIENCES HUMAINES ET SOCIALES,Oui,35.0,2020.0,"Economie|Histoire|Sociologie|Géographie et aménagement|Sciences de l'Homme, anthropologie, ethnologie|Sciences sociales|Mathématiques et informatique appliquées aux sciences humaines et sociales",
NCEP - Nouveau Collège d'études politiques,Université Paris Nanterre,Bureau B5 - Bâtiment ephémère 2,"200, avenue de la République",NANTERRE,"48.906425,2.211478",Communauté d'universités et établissements Université Paris Lumières,ETUDES POLITIQUES,Formation initiale,Violence et politique,Formation initiale,SCIENCES HUMAINES ET SOCIALES,Oui,35.0,2019.0,,
Université de Toulon,,,,TOULON,"43.124011,5.930466",Université de Toulon,Eau - Environnement - Océanographie / Water - Environment - Oceanography,Formation initiale,,,"SCIENCES, TECHNOLOGIES, SANTÉ",Sans objet,,2019.0,,
UFR Sciences,Place Eugène Bataillon,,,MONTPELLIER,"43.63419,3.86662",Université de Montpellier,Eco-épidémiologie,Formation initiale|Formation continue,,,"SCIENCES, TECHNOLOGIES, SANTÉ",Oui,30.0,2021.0,Sciences sanitaires et sociales|Géographie et aménagement|Sciences sociales|Sciences de la vie|Sciences de la vie et de la Terre|Sciences pour la santé|Sciences et Humanités,https://formations.umontpellier.fr/odf/eco-epidemiologie_et_emergences_parasitaires_et_infectieuses.html
Université Toulouse-I,2  RUE DU DOYEN GABRIEL MARTY,,,TOULOUSE CEDEX 9,,Université Toulouse-I,Economie,Formation initiale|Alternance,Economics and Competition Law (ECL),Formation initiale,"DROIT, ECONOMIE, GESTION",Oui,110.0,2021.0,,
Université de Lille,42 rue Paul Duez,,,LILLE,,Université de Lille,Economie appliquée,Formation initiale|Formation continue,Conseil économique pour les organisations publiques  et privées,Formation initiale|Formation continue,"DROIT, ECONOMIE, GESTION",Oui,75.0,2021.0,,
Université d'Amiens,CHEMIN DU THIL,,,AMIENS CEDEX 1,,Université d'Amiens,Economie de l'entreprise et des marchés,Formation initiale|Formation continue,ETUDES ET CONSEIL (ECO),Formation initiale|Formation continue,"DROIT, ECONOMIE, GESTION",Oui,30.0,2021.0,,
UFR Economie. AES. Gestion,Campus Pessac,16 avenue Léon Duguit,CS50057,PESSAC,"44.799011,-0.615142",Université de Bordeaux,Economie de l'entreprise et du marché,Formation initiale|Formation continue,Economie sociale et collaborative responsable de projet,Formation initiale|Formation continue,"DROIT, ECONOMIE, GESTION",Sans objet,,2020.0,,
Université Paris-Saclay,Route de l'Orme aux Merisiers RD,,,ST AUBIN,,Université Paris-Saclay,"Economie de l'environnement, de l'énergie et des transports",Formation initiale|Formation continue|Apprentissage,M2 Economie du Développement Durable et de l'Environnement,Formation initiale|Formation continue|Apprentissage,"DROIT, ECONOMIE, GESTION",Oui,25.0,2021.0,,
Université de Lille,42 rue Paul Duez,,,LILLE,,Université de Lille,Economie de la santé,Formation initiale|Formation continue,"Prévention, politiques de santé, évaluation - En contrat de pro",Alternance,"DROIT, ECONOMIE, GESTION",Oui,15.0,2021.0,,
Université Paris-VIII,2 rue de la Liberté,,,ST DENIS CEDEX,,Université Paris-VIII,Economie des organisations,Formation initiale|Formation continue,"Economie sociale, solidaire et innovante",Formation initiale|Formation continue,"DROIT, ECONOMIE, GESTION",Oui,50.0,2021.0,,
Université Paris-X,200 avenue de la République,,,NANTERRE CEDEX,,Université Paris-X,Economie du droit,Formation initiale|Formation continue,,,"DROIT, ECONOMIE, GESTION",Oui,15.0,2021.0,,
Université Grenoble Alpes,621 avenue Centrale,,,ST MARTIN D HERES,,Université Grenoble Alpes,Economie du développement,Formation initiale|Formation continue|Formation à distance,,,"DROIT, ECONOMIE, GESTION ET SCIENCE POLITIQUE",Oui,45.0,2021.0,,
Ecole nationale supérieure de formation de l'enseignement agricole,2 route de Narbonne,,,CASTANET TOLOSAN CEDEX,,Ecole nationale supérieure de formation de l'enseignement agricole,Economie du travail et des ressources humaines,Formation initiale|Formation continue|Formation à distance,Ingénierie de la formation et des systèmes d'emplois,Formation initiale|Formation continue|Formation à distance,SCIENCES HUMAINES ET SOCIALES,Oui,20.0,2021.0,,
Mines ParisTech,60. boulevard Saint-Michel,,,PARIS,"48.845632,2.339672",Université Paris Sciences et Lettres,Economie et gestion de la santé,Formation initiale,Evaluation médico-économique et accès au marché,Formation initiale|Alternance,"DROIT, ECONOMIE, GESTION",Oui,25.0,2020.0,,
Université de Lille,42 rue Paul Duez,,,LILLE,,Université de Lille,Economie et management publics,Formation initiale|Formation continue,Economie et management publics - M1 Tronc commun,Formation initiale|Formation continue,"DROIT, ECONOMIE, GESTION",Oui,60.0,2021.0,Economie|Science politique|Sociologie|Administration économique et sociale|Sciences sociales,
Université de Lille,42 rue Paul Duez,,,LILLE,,Université de Lille,Economie et pilotage des entreprises,Formation initiale|Formation continue|Alternance,Economie et management des entreprises - en apprentissage,,"DROIT, ECONOMIE, GESTION",Oui,40.0,2021.0,,
UFR Sciences économiques et de gestion,,,,Créteil,"0.0,-0.0",Université Paris-XII,Economie internationale,Formation initiale|Formation continue,Gestion de projet et développement durable,Formation initiale|Formation continue,"DROIT, ECONOMIE, GESTION",Oui,35.0,2020.0,,
GUYANCOURT,,,,GUYANCOURT,"0.0,-0.0",Université Paris-Saclay,Economie politique et institutions,Formation initiale|Formation continue,M1 Valorisation touristique des patrimoines et préservation de l'environnement,Formation initiale,"DROIT, ECONOMIE, GESTION",Oui,75.0,2020.0,,
Université Montpellier-III,ROUTE DE MENDE,,,MONTPELLIER CEDEX 5,,Université Montpellier-III,Economie sociale et solidaire,Formation initiale|Formation continue,Economie sociale et solidaire,Formation initiale|Formation continue,"DROIT, ECONOMIE, GESTION",Oui,30.0,2021.0,,
EVRY,,,,EVRY,"0.0,-0.0",Université Paris-Saclay,"Electronique, énergie électrique, automatique",Formation initiale|Formation continue|Alternance|Apprentissage,M1 E3A - Site Evry - Apprentissage,Formation continue|Alternance|Apprentissage,SCIENCES ET TECHNOLOGIES,Oui,268.0,2020.0,,
Université de Guyane,Campus De Trou Biran 2091 rte Baduel,,,Cayenne,"4.933607,-52.29974",Université de Montpellier,Energie,Formation initiale|Formation continue,,,"SCIENCES, TECHNOLOGIES, SANTÉ",Oui,40.0,2021.0,"Chimie|Physique|Physique, chimie|Electronique, énergie électrique, automatique|Sciences de la Terre|Sciences de la vie",https://formations.umontpellier.fr/fr/formations/sciences-technologies-sante-STS/master-XB/master-energie-program-fruai342321nprme153.html
Université de Chambéry,27 rue Marcoz,,,CHAMBERY CEDEX,,Université de Chambéry,Energie solaire,Formation initiale|Formation continue,"Solar energy, law, economics and management (Droit, économie et gestion pour énergie solaire)",Formation initiale|Formation continue,"DROIT, ECONOMIE, GESTION|SCIENCES, TECHNOLOGIES, SANTÉ",Oui,36.0,2021.0,,
Université des Sciences et des Technologies de Hanoï,18 Hoang Quoc Viet,Cau Giay,,Hanoï,"21.046952,105.80046",Université Toulouse-III,Energies et Valorisation / Energies and Valorization,Formation initiale,BioEnergy for Industry,Formation initiale,"SCIENCES, TECHNOLOGIES, SANTÉ",Sans objet,,2020.0,,
Université de Pau,AVENUE DE L UNIVERSITE,,,PAU CEDEX,,Université de Pau,Entrepreneuriat et management de projets,Formation continue|Alternance,Ingénierie de projet (EMP IP),Formation continue|Alternance,"DROIT, ECONOMIE, GESTION",Sans objet,,2021.0,,
UFR Sciences et Techniques des Activités Physiques et sportives (STAPS),Boulevard Maréchal Juin,,CS 14032,CAEN,"49.211377,-0.368865",Université de Caen,Ergonomie,Formation initiale|Alternance,,,SCIENCES HUMAINES ET SOCIALES,Oui,16.0,2019.0,Psychologie|Sciences et techniques des activités physiques et sportives,https://uniform.unicaen.fr/catalogue/formation/master/5698-master-ergonomie?s=&r=1473427115457
UFR DES ARTS,30 Rue des Teinturiers,,,AMIENS,"49.901938,2.294036",Université d'Amiens,Esthétique,Formation initiale|Formation continue,"Esthétique Comparée : Arts, Lettres, Philosophie",Formation initiale|Formation continue,"ARTS, LETTRES, LANGUES",Oui,25.0,2020.0,,
Université Toulouse-III,118 route de Narbonne,,,TOULOUSE CEDEX 9,,Université Toulouse-III,Ethique,Formation initiale,"Ethique du Soin et recherche (philosophie, médecine, droit)",Formation initiale,"ARTS, LETTRES, LANGUES|DROIT, ECONOMIE, GESTION|SCIENCES, TECHNOLOGIES, SANTÉ",Oui,10.0,2021.0,,
Université de Strasbourg,4  RUE BLAISE PASCAL,,,STRASBOURG CEDEX,,Université de Strasbourg,Ethnologie,Formation initiale|Formation continue,Muséologie : patrimoines immatériels et collections,Formation initiale|Formation continue,SCIENCES HUMAINES ET SOCIALES,Oui,40.0,2021.0,,
École Pratique des Hautes Études,4-14 rue Ferrus,,,Paris,"48.830842,2.34057",Université Paris Sciences et Lettres,Etudes asiatiques,Formation initiale|Formation continue,"Histoire, philologie et religion",Formation initiale|Formation continue,SCIENCES HUMAINES ET SOCIALES,Oui,15.0,2020.0,,
Faculté des lettres. arts. philosophie. psychanalyse,Route de Mende,,,MONTPELLIER CEDEX 5,"43.630888,3.870329",Université Montpellier-III,Etudes culturelles,Formation initiale|Formation continue|Formation à distance,Cultures en mouvement,Formation initiale|Formation continue|Formation à distance,"ARTS, LETTRES, LANGUES",Oui,65.0,2021.0,"Lettres|Philosophie|Science politique|Histoire|Sociologie|Arts du spectacle|Arts plastiques|Langues, littératures et civilisations étrangères et régionales|Sciences de l'Homme, anthropologie, ethnologie",https://www.univ-montp3.fr/fr/formations/offre-de-formation/master-lmd-XB/arts-lettres-langues-ALL/master-1-etudes-culturelles-program-fr_rne_34189z_pr_13799474217.html
Université Montpellier-III,ROUTE DE MENDE,,,MONTPELLIER CEDEX 5,,Université Montpellier-III,Etudes du développement,Formation initiale|Formation continue,Alter-développement et territoires,Formation initiale|Formation continue,SCIENCES HUMAINES ET SOCIALES,Sans objet,,2021.0,,
Guyancourt,,,,Guyancourt,"0.0,-0.0",Université Paris-Saclay,Etudes du développement et de l'environnement,Formation initiale|Formation continue,M1 Transition vers la soutenabilité,Formation initiale,"SCIENCES HUMAINES ET SOCIALES | DROIT, ECONOMIE, GESTION",Oui,115.0,2020.0,,
Université de Lille,42 rue Paul Duez,,,LILLE,,Université de Lille,Etudes européennes et internationales,Formation initiale|Formation continue,Economics of globalization and european integration,,"DROIT, ECONOMIE, GESTION",Oui,25.0,2020.0,,
Université Paris 8,2 rue de la Liberté,,,Saint-Denis,"0.0,-0.0",Université Paris-VIII,Etudes sur le genre,Formation initiale|Formation continue,,,"SCIENCES HUMAINES ET SOCIALES | ARTS, LETTRES, LANGUES",Oui,40.0,2020.0,Toutes licences,
Université de Lille,2. rue de Mulhouse,FACULTE DE FINANCE. BANQUE. COMPTABILITE,B.P. 381,LILLE,"50.61889,3.0703223",Université de Lille,Finance,Formation initiale|Formation continue|Alternance|Apprentissage,Finance - M1 Tronc commun,Formation initiale|Formation continue,"DROIT, ECONOMIE, GESTION",Oui,130.0,2020.0,,
UFR Droit et Science Politique,39 rue de l'Université,,,MONTPELLIER,"43.61403,3.87705",Université de Montpellier,Finances publiques,Formation initiale|Formation continue,,,"DROIT, ECONOMIE, GESTION",Oui,20.0,2021.0,Droit,https://formations.umontpellier.fr/odf/finances_publiques.html
Université d'Aix-Marseille,58  BOULEVARD CHARLES LIVON,,,MARSEILLE CEDEX 07,,Université d'Aix-Marseille,Français Langue Etrangère,Formation initiale|Formation continue,Didactique du Français Langue Etrangère et Seconde : approches critiques et innovations pédagogiques,Formation initiale|Formation continue,"ARTS, LETTRES, LANGUES",Oui,30.0,2021.0,"Lettres|Sciences du langage|Langues, littératures et civilisations étrangères et régionales",
Université Toulouse-III,118 route de Narbonne,,,TOULOUSE CEDEX 9,,Université Toulouse-III,Functional Biology and Ecology,Formation initiale,,,"SCIENCES, TECHNOLOGIES, SANTÉ",Oui,15.0,2021.0,Sciences de la vie,https://www.univ-tlse3.fr/
Faculté des Sciences et Techniques,Campus Grimaldi,BP 52,,CORTE,"42.305915,9.155295",Université de Corse,Gestion de l'environnement,Formation initiale|Alternance,Sciences de l'eau et de l'environnement,Formation initiale|Alternance,"SCIENCES, TECHNOLOGIES, SANTÉ",Oui,72.0,2019.0,,
Université Jean Moulin Lyon 3,IAE Lyon - School of management,Manufacture des Tabacs,6. cours Albert Thomas,LYON,"45.748812,4.861412",Université Lyon-III,Gestion de patrimoine,Formation initiale|Formation continue|Alternance,Banque et Patrimoine,Formation initiale|Formation continue|Alternance,"DROIT, ECONOMIE, GESTION",Oui,65.0,2019.0,,
UPEC-UFR Sciences économiques et gestion-IAE,Campus universitaire de Sénart - 36-37 rue Georges Charpak,,,LIEUSAINT,"48.62643,2.562986",Université Paris-XII,"Gestion de production, logistique, achats",Formation initiale|Formation continue|Alternance|Apprentissage,Ingénierie des transports et de la Supply Chain,Formation initiale|Formation continue,"DROIT, ECONOMIE, GESTION",Oui,12.0,2019.0,,
Faculté d'économie et gestion,14 rue Puvis de Chavannes,,,Marseille cedex 1,"43.296482,5.369779",Université d'Aix-Marseille,Gestion des ressources humaines,Formation initiale|Formation continue|Alternance|Apprentissage,Management d'équipes de soins (MES),,"DROIT, ECONOMIE, GESTION",Oui,180.0,2020.0,Gestion|Administration économique et sociale|Economie et gestion,
Université Montpellier-III,ROUTE DE MENDE,,,MONTPELLIER CEDEX 5,,Université Montpellier-III,Gestion des territoires et développement local,Formation initiale|Formation continue,Espaces ruraux et développement local,Formation initiale|Formation continue,SCIENCES HUMAINES ET SOCIALES,Oui,25.0,2021.0,,
Campus de Pau,UPPA Collège Sciences et Technologies pour l'Energie et l'Environnement,Avenue de l'université,BP 1155,PAU,"43.314606,-0.363187",Université de Pau,Génie Pétrolier-Petroleum Engineering,Formation initiale|Formation continue,Renforcement Génie pétrolier,Formation initiale|Formation continue,"SCIENCES, TECHNOLOGIES, SANTÉ",Oui,49.0,2020.0,,
Ecole d’urbanisme de Paris,Campus cité Descartes,,,Champs sur Marne,"48.839204,2.586773",Université de Marne-la-Vallée,Génie Urbain,Formation initiale|Formation continue,Management et Ingénierie des Services à l’Environnement,Formation initiale|Formation continue|Alternance|Apprentissage,"SCIENCES, TECHNOLOGIES, SANTÉ",Oui,100.0,2019.0,Sciences pour l'ingénieur|Géographie et aménagement,
Ecole centrale de Lyon,36  AVENUE GUY DE COLLONGUE,,,ECULLY CEDEX,,Ecole centrale de Lyon,Génie civil,Formation initiale,Matériaux et structures pour une construction durable,Formation initiale,"SCIENCES, TECHNOLOGIES, SANTÉ",Sans objet,,2021.0,,
Palaiseau,,,,Palaiseau,"0.0,-0.0",Université Paris-Saclay,Génie des procédés et des bio-procédés,Formation initiale|Formation continue,M1 Génie des procédés,Formation initiale,SCIENCES ET TECHNOLOGIES,Oui,25.0,2020.0,,
Toulouse Business School,,,,Toulouse,"43.604268,1.441019",Institut mines télécom,Génie industriel,Formation initiale,MILES - Management of International Lean and Supply chain projects,Formation initiale,"SCIENCES, TECHNOLOGIES, SANTÉ",Oui,30.0,2019.0,,
Faculté des Sciences et Ingénierie,118 route de Narbonne,,,Toulouse,"43.57266,1.452569",Université Toulouse-III,Génie mécanique,Formation initiale|Formation continue|Alternance|Apprentissage,Conception en Aéronautique,Formation initiale|Formation continue|Alternance|Apprentissage,"SCIENCES, TECHNOLOGIES, SANTÉ",Oui,72.0,2019.0,,
Université de Paris,85 boulevard Saint Michel,,,PARIS,,Université de Paris,Génétique,Formation initiale|Formation continue,Génétique,Formation initiale|Formation continue,"SCIENCES, TECHNOLOGIES, SANTÉ",Oui,49.0,2021.0,,
Université Savoie Mont Blanc - UFR Sciences et Montagne,Domaine universitaire de Chambéry/Le Bourget du Lac,35 avenue du lac d'Annecy,,LE BOURGET DU LAC,"45.641508,5.870735",Université de Chambéry,Géographie,Formation initiale,"Géographies, espaces Homme-environnement, ressources (GEOSPHERES)",Formation initiale,SCIENCES HUMAINES ET SOCIALES,Oui,45.0,2019.0,,
UFR Sciences. Espaces. Sociétés,5 allées Antonio Machado,,,TOULOUSE,"43.577692,1.404103",Université Toulouse-II,"Géographie, aménagement, environnement et développement",Formation initiale|Formation continue,DYNamiques des Environnements de Montagne (DYNEM),Formation initiale|Formation continue,SCIENCES HUMAINES ET SOCIALES,Oui,50.0,2020.0,,
Rennes,UFR sciences sociales,Place recteur Henri Le Moal,,Rennes,"48.123634,-1.700273",Université Rennes-II,Géomatique,Formation initiale|Formation continue,Système d'Information Géographique et Analyse des Territoires,Formation initiale|Formation continue,SCIENCES HUMAINES ET SOCIALES,Oui,22.0,2019.0,,
UFR de Lettres et Sciences Humaines,57bis rue Pierre Taittinger,,,Reims Cedex,"49.23749,4.003383",Université de Reims,Géopolitique,Formation initiale|Formation continue,,,SCIENCES HUMAINES ET SOCIALES,Oui,30.0,2019.0,Droit|Science politique|Histoire|Administration économique et sociale|Géographie et aménagement,http://www.univ-reims.fr/ma-geopolitique
Université de Lille,Faculté des Sciences et Technologies,Département Sciences de la Terre,Cité scientifique,Villeneuve d'Ascq cedex,"0.0,-0.0",Université de Lille,"Géoressources, géorisques, géotechnique",Formation initiale|Formation continue|Alternance,Géologie de l'ingénieur,Formation initiale|Formation continue|Alternance,"SCIENCES, TECHNOLOGIES, SANTÉ",Oui,16.0,2020.0,,
EVRY,,,,EVRY,"0.0,-0.0",Université Paris-Saclay,Histoire,Formation initiale|Formation continue|Apprentissage,M1 Histoire économique et sociale : Recherche et Valorisations,Formation initiale|Formation continue|Apprentissage,SCIENCES HUMAINES ET SOCIALES,Oui,115.0,2020.0,,
UFR Temps et territoires,18 quai Claude Bernard,,,Lyon,"45.750784,4.836274",Université Lyon-II,Histoire de l'art,Formation initiale|Formation continue,Arts et cultures visuels,Formation initiale|Formation continue,SCIENCES HUMAINES ET SOCIALES,Oui,50.0,2019.0,,
École Pratique des Hautes Études,4-14 rue Ferrus,,,Paris,"48.830842,2.34057",Université Paris Sciences et Lettres,Histoire de l'art et archéologie,Formation initiale|Formation continue,Histoire de l'art et archéologie,Formation initiale|Formation continue,"SCIENCES HUMAINES ET SOCIALES | ARTS, LETTRES, LANGUES",Oui,20.0,2020.0,,
Université Jean Moulin Lyon 3,Faculté de Philosophie,Site des quais,15. quai Claude Bernard,LYON,"45.752443,4.837579",Université Lyon-III,Histoire de la philosophie,Formation initiale,Histoire de la Philosophie,Formation initiale,SCIENCES HUMAINES ET SOCIALES,Oui,40.0,2020.0,,
UFR Droit et Science Politique,163  RUE AUGUSTE BROUSSONNET,,,MONTPELLIER,"43.615803,3.872114",Université de Montpellier,Histoire du droit et des institutions,Formation initiale|Formation continue,,,"DROIT, ECONOMIE, GESTION",Oui,20.0,2019.0,,
Université Paris-VII,5 rue Thomas Mann,,,PARIS,"48.830259,2.380926",Université Paris-VII,Histoire et philosophie des sciences,Formation initiale,Histoire et philosophie des sciences - Pro,Formation initiale,SCIENCES HUMAINES ET SOCIALES,Oui,50.0,2019.0,Philosophie|Histoire|Chimie|Mathématiques|Physique|Sciences sociales|Sciences de la Terre|Sciences de la vie,
UFR DES SCIENCES DU LANGAGE. DE L'HOMME ET DE LA SOCIETE,30-32 RUE MEGEVAND,,,BESANCON,"47.234298,6.025692",Université de Besançon,"Histoire, civilisations, patrimoine",Formation initiale|Formation continue|Formation à distance,"Sociétés, politique et cultures de l'Antiquité à nos jours",Formation initiale|Formation continue,SCIENCES HUMAINES ET SOCIALES,Oui,75.0,2019.0,,
ENS,45 Rue d'Ulm,,,Paris,"48.842293,2.344285",Communauté d'universités et établissements Université de Recherche Paris Sciences et Lettres - PSL Research University,Humanités,Formation initiale,Géopolitique : études européennes et internationales,Formation initiale,"SCIENCES HUMAINES ET SOCIALES | ARTS, LETTRES, LANGUES",Oui,70.0,2019.0,,
Université de technologie de Compiègne - UTC,Scolarité master,Rue Roger Couttolenc,CS60319,Compiègne,"49.414555,2.817393",Université de technologie de Compiègne,Humanités et industries créatives,Formation initiale|Formation continue,Design et création d'expérience (DCX),Formation initiale|Formation continue,"SCIENCES, TECHNOLOGIES, SANTÉ",Oui,24.0,2020.0,,
Pôle universitaire Léonard de Vinci,12. avenue Léonard de Vinci,,,Courbevoie,"48.896459,2.236333",Université Paris-X,Humanités et management,Formation initiale|Formation continue,Management des ressources humaines en environnement numérique,Formation initiale|Formation continue,"SCIENCES HUMAINES ET SOCIALES | ARTS, LETTRES, LANGUES",Oui,36.0,2019.0,,
Faculté des sciences médicales et paramédicales,27. bd Jean Moulin,,,Marseille cedex 5,"43.296482,5.369779",Université d'Aix-Marseille,Humanités médicales,Formation initiale|Formation continue,Addictologie : de la cellule au comportement humain,Formation initiale|Formation continue,SCIENCES DE LA SANTE,Oui,60.0,2021.0,"Histoire de l'art et archéologie|Histoire|Sciences de l'Homme, anthropologie, ethnologie|Sciences de la vie|Sciences de la vie et de la Terre",
Ecole Pratique des Hautes Etudes,Les Patios Saint-Jacques,4-14 Rue Ferrus,,Paris,"0.0,-0.0",Université Paris Sciences et Lettres,Humanités numériques,Formation initiale,,,"ARTS, LETTRES, LANGUES|SCIENCES, TECHNOLOGIES, SANTÉ",Oui,15.0,2020.0,Histoire de l'art et archéologie|Lettres|Philosophie|Histoire|Sciences du langage|Humanités|Mathématiques et informatique appliquées aux sciences humaines et sociales,https://www.psl.eu/formation/master-humanites-numeriques
Université Sorbonne Paris Nord,99 avenue Jean-Baptiste Clément,Campus de Villetaneuse,,VILLETANEUSE,"48.956595,2.338335",Université Paris-XIII,INGENIERIE ET INNOVATION EN IMAGES ET RESEAUX,Formation initiale,IMAGES,Formation initiale,"SCIENCES, TECHNOLOGIES, SANTÉ",Oui,30.0,2020.0,,
Faculté des sciences,163 avenue de Luminy,Case 901,,Marseille,"43.296482,5.369779",Université d'Aix-Marseille,Immunologie,Formation initiale|Formation continue,Immunologie,,SCIENCES ET TECHNOLOGIES,Oui,24.0,2020.0,Sciences de la vie,https://formations.univ-amu.fr/ME5SMG.html
Université Sorbonne Paris Nord,99 avenue Jean-Baptiste Clément,Campus de Villetaneuse,,VILLETANEUSE,"48.956595,2.338335",Université Paris-XIII,Industries culturelles,Formation initiale|Formation continue|Alternance,"Dynamiques culturelles : politiques, communication et médiation",Formation initiale|Formation continue,CULTURE ET COMMUNICATION,Oui,50.0,2020.0,,
Université de Bordeaux,35  PLACE PEY BERLAND,,,BORDEAUX,,Université de Bordeaux,Information et médiation scientifique et technique,Formation initiale,Médiation des sciences,Formation initiale,"SCIENCES, TECHNOLOGIES, SANTÉ",Non,,2021.0,,
UFR SHA,8. Rue René Descartes,Bât. E15,TSA 81118,POITIERS,"46.585708,0.342114",Université de Poitiers,"Information, communication",Formation initiale|Formation continue|Alternance,Web Editorial,Formation initiale|Formation continue|Alternance,SCIENCES HUMAINES ET SOCIALES,Oui,36.0,2019.0,,
UFR Histoire. Arts et Archéologie,5 allées Antonio Machado,,,Toulouse,"43.577692,1.404103",Université Toulouse-II,"Information, documentation",Formation initiale|Formation continue,Edition imprimée et numérique,Formation initiale|Formation continue,SCIENCES HUMAINES ET SOCIALES,Oui,45.0,2020.0,"Histoire de l'art et archéologie|Lettres|Histoire|Information-communication|Sciences de l'Homme, anthropologie, ethnologie|Mathématiques et informatique appliquées aux sciences humaines et sociales",https://www.univ-tlse2.fr/accueil/navigation/formation-insertion/decouvrir-nos-formations/mention-information-documentation-436614.kjsp?RH=02Diplomes
Université Toulouse-III,118 route de Narbonne,,,TOULOUSE CEDEX 9,,Université Toulouse-III,Informatique,Formation initiale|Formation continue|Alternance,Computer Science for Aerospace,Formation initiale|Formation continue,"SCIENCES, TECHNOLOGIES, SANTÉ",Oui,175.0,2021.0,,
CY Cergy Paris Université,33 boulevard DU PORT,,,CERGY PONTOISE CEDEX,,CY Cergy Paris Université,Informatique et Ingénierie des Systèmes Complexes,,"Signal, Information et Télécommunications",,"SCIENCES, TECHNOLOGIES, SANTÉ",Oui,45.0,2021.0,,
Université de Paris,85 boulevard Saint Michel,,,PARIS,,Université de Paris,Informatique fondamentale et appliquée,Formation initiale|Formation continue,Cryptographie - Sécurité,Formation initiale|Formation continue,"SCIENCES, TECHNOLOGIES, SANTÉ",Oui,160.0,2021.0,,
Institut national des sciences appliquées de Rennes,20  AVENUE DES BUTTES DE COESMES,CS 70839,,RENNES CEDEX 7,,Institut national des sciences appliquées de Rennes,Ingénierie de conception,Formation initiale,"Mécanique, Matériaux et Génie Civil",Formation initiale,"SCIENCES, TECHNOLOGIES, SANTÉ",Sans objet,,2021.0,,
Université de Brest,3 RUE DES ARCHIVES,,,BREST CEDEX 2,,Université de Brest,"Ingénierie de l'image, ingénierie du son",Formation initiale|Formation continue,Image et Son,Formation initiale|Formation continue,"SCIENCES, TECHNOLOGIES, SANTÉ",Oui,24.0,2021.0,,
"Etablissements partenaires (Arts et Métiers, PSL, Paris Descartes)",,,,Paris,"48.8589,2.3469",Ecole nationale supérieure d'arts et métiers,Ingénierie de la santé,Formation initiale|Formation continue,MCB (Molecular and Cellular Biotherapies),Formation initiale|Formation continue,"SCIENCES, TECHNOLOGIES, SANTÉ",Sans objet,,2020.0,,
Université Savoie Mont Blanc - Polytech Annecy-Chambéry,Domaine universitaire d'Annecy-le-Vieux,5. Chemin de Bellevue - Annecy-le-Vieux,BP 80439,ANNECY,"45.919195,6.157878",Université de Chambéry,Ingénierie des systèmes complexes,Formation initiale,Advanced mechatronics,Formation initiale,"SCIENCES, TECHNOLOGIES, SANTÉ",Oui,20.0,2020.0,,
Institut national des sciences et techniques nucléaires (INSTN-CEA),,,,Saclay,"48.730161,2.173356",Communauté d'universités et établissements Université Paris-Saclay,Ingénierie nucléaire,Formation initiale,M1 Chemistry and Chemical Engineering,Formation initiale,"SCIENCES, TECHNOLOGIES, SANTÉ",Oui,50.0,2019.0,,
Conservatoire national des arts et métiers,292 RUE SAINT MARTIN,,,PARIS CEDEX 03,,Conservatoire national des arts et métiers,"Innovation, entreprise et société",Formation continue,"Prospective, innovation et transformations des organisations",Formation continue|Apprentissage,"DROIT, ECONOMIE, GESTION",Non,,2021.0,,
Faculté des sciences,Avenue Escadrille normandie niemen,,,Marseille,"43.296482,5.369779",Université d'Aix-Marseille,"Instrumentation, mesure, métrologie",Formation initiale|Formation continue|Alternance|Apprentissage,Microcapteurs et systèmes de détection (MSD),,SCIENCES ET TECHNOLOGIES,Oui,60.0,2020.0,"Informatique|Mathématiques|Physique|Sciences pour l'ingénieur|Physique, chimie|Electronique, énergie électrique, automatique",https://formations.univ-amu.fr/ME5SMI.html
UFR Economie. AES. Gestion,Campus Pessac,16 avenue Léon Duguit,CS50057,PESSAC,"44.799011,-0.615142",Université de Bordeaux,Intelligence économique,Formation initiale,Intelligence économique,,"DROIT, ECONOMIE, GESTION ET SCIENCE POLITIQUE",Oui,45.0,2021.0,Science politique|Administration économique et sociale|Economie et gestion|Géographie et aménagement|Mathématiques et informatique appliquées aux sciences humaines et sociales,http://www.u-bordeaux.fr/formation/PRMA_55/intelligence-economique
UFR Lettres et sciences humaines,20 rue duquesne,,,Brest,"48.391834,-4.488598",Université de Brest,Intervention et développement social,Formation initiale|Formation continue|Alternance,"Direction et responsabilité de services et projets enfance, famille",Formation initiale|Formation continue,SCIENCES HUMAINES ET SOCIALES,Oui,40.0,2020.0,,
Université Montpellier-III,ROUTE DE MENDE,,,MONTPELLIER CEDEX 5,,Université Montpellier-III,Journalisme,Formation initiale|Formation continue|Formation à distance,Journalisme numérique et nouvelles écritures,Formation initiale|Formation continue|Formation à distance,SCIENCES HUMAINES ET SOCIALES,Oui,40.0,2021.0,,
Université Paris II,92 rue d'Assas,,,Paris,"48.843572,2.333494",Université Paris-II,Juriste européen,Formation initiale,Juriste européen,Formation initiale,"DROIT, ECONOMIE, GESTION",Non,,2020.0,,
Université Paris-XII,61 avenue du Général de Gaulle,,,CRETEIL CEDEX,,Université Paris-XII,"Justice, procès et procédures",Formation initiale|Formation continue,Droit des contentieux et de l'exécution,Formation initiale|Formation continue,"DROIT, ECONOMIE, GESTION",Oui,30.0,2021.0,,
Site des Chênes,33 bd du Port,,,CERGY,"0.0,-0.0",CY Cergy Paris Université,Langues et commerce international,,,,"ARTS, LETTRES, LANGUES",Oui,60.0,2021.0,"Gestion|Langues étrangères appliquées|Langues, littératures et civilisations étrangères et régionales",https://www.cyu.fr/master-langues-et-commerce-international-1
Université de Rouen,1  RUE THOMAS BECKET,,,MONT ST AIGNAN CEDEX,,Université de Rouen,Langues et sociétés,Formation initiale|Formation continue,Etudes Anglophones,Formation initiale|Formation continue,"ARTS, LETTRES, LANGUES",Oui,144.0,2021.0,,
Perpignan,UFR LETTRES ET SCIENCES HUMAINES,UNIVERSITE DE PERPIGNAN,52. Avenue PAUL ALDUY,PERPIGNAN,"42.682878,2.90181",Université de Perpignan,Langues étrangères appliquées,Formation initiale,Langues et affaires internationales,Formation initiale,"ARTS, LETTRES, LANGUES",Oui,20.0,2020.0,,
Université Sorbonne Nouvelle - Paris 3,"1-5, rue Censier",Département : Etudes Italiennes et Roumaines (EIR),"Centre Bièvre, 5ème étage",PARIS  cedex 05,"48.871987,2.335656",Université Paris-III,"Langues, littératures et civilisations étrangères et régionales",Formation initiale|Formation continue,"Italie : littérature, culture et traduction (ILCT)",Formation initiale|Formation continue|Alternance,"ARTS, LETTRES, LANGUES",Oui,445.0,2020.0,,
Université Sorbonne Nouvelle - Paris 3,"13, rue Santeuil",Département : Littérature et Linguistique Françaises et Latines (LLFL),"4ème étage, bureau n° 431 A",PARIS cedex 05,"47.630195,6.165856",Université Paris-III,Lettres,Formation initiale|Formation continue,"Ecriture, culture, médias (poursuite possible en M2 LATERP : Lettres Appliquées aux Techniques Editoriales et à la Rédaction professionnelle)",Formation initiale|Formation continue,"ARTS, LETTRES, LANGUES",Oui,467.0,2019.0,,
Université Clermont Auvergne,49 boulevard François Mitterrand,49 Bld François Mitterand,,CLERMONT FERRAND CEDEX 1,,Université Clermont Auvergne,Lettres et création littéraire,Formation initiale|Formation continue|Formation à distance,,,"ARTS, LETTRES, LANGUES",Oui,120.0,2021.0,,
Université Bordeaux-III,DOMAINE UNIVERSITAIRE,,,PESSAC CEDEX,,Université Bordeaux-III,Lettres et humanités,Formation initiale|Formation continue|Apprentissage,Edition,Formation initiale|Formation continue|Apprentissage,"ARTS, LETTRES, LANGUES",Oui,125.0,2021.0,,
EVRY,,,,EVRY,"0.0,-0.0",Université Paris-Saclay,Lettres et langues,Formation initiale|Formation continue|Apprentissage,"M2 Narration, Traduction et Nouveaux Médias",Formation continue|Apprentissage,"ARTS, LETTRES, LANGUES",Oui,80.0,2020.0,,
Université Paris-VII,5 rue Thomas Mann,,,PARIS,"48.830259,2.380926",Université Paris-VII,Littérature générale et comparée,Formation initiale,"Littératures du monde, études comparatistes",Formation initiale,"ARTS, LETTRES, LANGUES",Oui,30.0,2019.0,,
Pôle Guadeloupe,UFR Sciences Exactes et Naturelles,Campus de Fouillole,BP 592,POINTE-A-PITRE,"16.224895,-61.52847",UNIVERSITE DES ANTILLES,MIAGE - Méthodes Informatiques Appliquées à la Gestion des Entreprises,Formation initiale,MIAGE - Sciences des données et systèmes décisionnels (SD2),Formation initiale|Apprentissage,"SCIENCES, TECHNOLOGIES, SANTÉ",Oui,18.0,2020.0,,
UFR SHA,3 rue Théodore Lefebvre,Bât. A4,TSA 81118,POITIERS,"46.586347,0.342305",Université de Poitiers,MIGRATIONS INTERNATIONALES,Formation initiale|Formation continue,,,SCIENCES HUMAINES ET SOCIALES,Oui,40.0,2021.0,"Droit|Science politique|Histoire|Sociologie|Géographie et aménagement|Humanités|Sciences de l'Homme, anthropologie, ethnologie|Sciences sociales",
IMA - UF Sciences de l'ingénieur,24 Rue Marcel Issartier,,,MERIGNAC,"44.83847,-0.716786",Université de Bordeaux,Maintenance aéronautique,Formation initiale|Formation continue,Ingénierie des systèmes électroniques embarqués,Formation initiale|Formation continue,"SCIENCES, TECHNOLOGIES, SANTÉ",Oui,85.0,2020.0,,
Université de Lille,42 rue Paul Duez,,,LILLE,,Université de Lille,Management,Formation initiale|Formation continue|Apprentissage,Management des achats et de la supply chain,Formation initiale|Formation continue,"DROIT, ECONOMIE, GESTION",Oui,190.0,2021.0,,
Conservatoire national des arts et métiers,292 RUE SAINT MARTIN,,,PARIS CEDEX 03,,Conservatoire national des arts et métiers,Management de l'innovation,Formation continue,Management de l'innovation et de la conception innovante,Formation continue,"DROIT, ECONOMIE, GESTION",Non,,2021.0,,
Université Paul-Valéry Montpellier 3,Route de Mende,,,MONTPELLIER,"43.63373,3.873033",Université de Montpellier,Management des PME-PMI,Formation initiale|Formation continue,,,"DROIT, ECONOMIE, GESTION",Oui,32.0,2021.0,Gestion|Administration économique et sociale|Economie et gestion,https://formations.umontpellier.fr/fr/formations/droit-economie-gestion-DEG/master-XB/master-management-des-pme-pmi-program-master-management-des-pme-pmi.html
UPEC-UFR Sciences économiques et gestion-IAE,Mail des mèches,,,Créteil,"0.0,-0.0",Université Paris-XII,Management des organisations de santé,Formation continue|Formation à distance|Alternance|Apprentissage,Management des établissements de santé,Alternance|Apprentissage,"DROIT, ECONOMIE, GESTION",Oui,75.0,2020.0,,
La Rochelle Université,,,,La Rochelle,"46.140864,-1.153271",Université de La Rochelle,Management des systèmes d'information,Formation initiale|Formation continue|Alternance,Intelligence des systèmes d’information,Formation initiale|Formation continue|Alternance,"DROIT, ECONOMIE, GESTION",Oui,25.0,2020.0,,
I.A.E. - GRENOBLE,621  AVENUE CENTRALE,,,SAINT MARTIN D'HERES,"45.191778,5.767253",Université Grenoble Alpes,Management et administration des entreprises,Formation continue,Manager - double compétence,Formation initiale|Formation continue,"DROIT, ECONOMIE, GESTION ET SCIENCE POLITIQUE",Oui,25.0,2020.0,,
Institut Supérieur d'Economie et de Management,24 Avenue des Diables Bleus,,,NICE,"43.708336,7.288247",Universié Côte d'Azur,Management et commerce international,Formation initiale|Formation continue,Stratégie d'entreprise et développement international,Formation initiale|Formation continue|Apprentissage,"DROIT, ECONOMIE, GESTION",Oui,80.0,2020.0,,
Rennes,UFR sciences sociales,Place recteur Henri Le Moal,,Rennes,"48.123634,-1.700273",Université Rennes-II,Management public,Formation initiale|Formation continue,Management public territorial,Formation initiale|Formation continue,SCIENCES HUMAINES ET SOCIALES,Oui,30.0,2019.0,Droit|Science politique|Administration économique et sociale,https://formations.univ-rennes2.fr/fr/formations/master-37/master-mention-management-public-JFMJ9ZX1.html
Université de Caen  Normandie,ESPLANADE DE LA PAIX,,,CAEN CEDEX 5,,Université de Caen  Normandie,Management sectoriel,Formation initiale|Formation continue|Formation à distance,Management de l'économie solidaire,Formation initiale|Formation continue,"DROIT, ECONOMIE, GESTION",Oui,279.0,2021.0,,
Institut d'administration des entreprises,Chemin de la Quille,Le clos Guiot,,Puyricard,"43.586362,5.423431",Université d'Aix-Marseille,Management stratégique,Formation initiale|Formation continue|Alternance|Apprentissage,Management international,Formation initiale|Formation continue|Alternance|Apprentissage,"DROIT, ECONOMIE, GESTION",Oui,375.0,2021.0,Toutes licences,
ESC La Rochelle,102 rue de Coureilles,Les Minimes,,LA ROCHELLE,"46.14085,-1.156373",Université de Poitiers,"Marketing, vente",Formation initiale|Formation continue|Alternance|Apprentissage,Marketing du Luxe,Formation initiale|Formation continue|Alternance,"DROIT, ECONOMIE, GESTION",Oui,80.0,2019.0,,
Site des Chênes,33 bd du Port,,,CERGY-PONTOISE cedex,"0.0,-0.0",CY Cergy Paris Université,Master intégré franco-allemand en droit de l'entreprise,,,,"DROIT, ECONOMIE, GESTION",Oui,10.0,2021.0,Licence intégrée franco-allemande en droit,
ISFATES,Rue Augustin Fresnel,,,METZ,"49.096227,6.226616",Université de Lorraine,Master intégré franco-allemand en management,Formation initiale|Formation continue,Parcours général,Formation initiale|Formation continue,"DROIT, ECONOMIE, GESTION ET SCIENCE POLITIQUE",Oui,55.0,2020.0,,http://iaemetz.univ-lorraine.fr/content/master-integre-franco-allemand-en-management
UFR DES SCIENCES ET TECHNIQUES,16 ROUTE DE GRAY,,,BESANCON,"47.244401,5.989696",Université de Besançon,Mathématiques,Formation initiale|Formation continue|Formation à distance,Mathématiques générales,Formation initiale|Formation continue,"SCIENCES, TECHNOLOGIES, SANTÉ",Oui,122.0,2020.0,,
Université Clermont Auvergne,49 boulevard François Mitterrand,49 Bld François Mitterand,,CLERMONT FERRAND CEDEX 1,,Université Clermont Auvergne,"Mathématiques appliquées, statistique",Formation initiale|Formation continue|Alternance,,,"SCIENCES, TECHNOLOGIES, SANTÉ",Oui,30.0,2021.0,,
UFR Mathématiques et Informatique - Centre Pierre Mendes France,90 rue de Tolbiac,,,Paris,"48.826949,2.364806",Université Paris-I,Mathématiques et applications,Formation initiale,International Master in Mathematics Applied to Economics & Finance (IMMAEF),Formation initiale,"SCIENCES, TECHNOLOGIES, SANTÉ",Oui,70.0,2020.0,,
Université Paris 8,2 rue de la Liberté,,,Saint-Denis,"0.0,-0.0",Université Paris-VIII,Mathématiques et informatique appliquées aux sciences humaines et sociales - MIASHS,Formation initiale|Formation continue,Technologie et handicap,Formation initiale|Formation continue,"SCIENCES, TECHNOLOGIES, SANTÉ | SCIENCES HUMAINES ET SOCIALES",Oui,30.0,2020.0,,
COMUE Bourgogne Franche-Comté,32 avenue de l'Observatoire,,,BESANCON,,COMUE Bourgogne Franche-Comté,"Mathématiques, Physique",Formation initiale|Formation continue,Mathematical Physics (Math4Phys) (mathématique pour la physique),Formation initiale|Formation continue,"SCIENCES, TECHNOLOGIES, SANTÉ",Oui,20.0,2021.0,,
Université de Paris,85 boulevard Saint Michel,,,PARIS,,Université de Paris,"Mathématiques, données et apprentissage",Formation initiale,Ingénerie mathématiques et biostatistique,Formation initiale,"SCIENCES, TECHNOLOGIES, SANTÉ",Oui,45.0,2021.0,,
UFR Biologie,Campus Universitaire des Cézeaux,3 impasse Amélie Murat,TSA 60026 - CS 60026,AUBIERE,"45.759981,3.115127",Université Clermont Auvergne,Microbiologie,Formation initiale,"Génome, écologie et physiologie microbienne",Formation initiale,"SCIENCES, TECHNOLOGIES, SANTÉ",Oui,36.0,2019.0,,
UFR Mathématiques et Informatique - Centre Pierre Mendes France,90 rue de Tolbiac,,,Paris,"48.826949,2.364806",Université Paris-I,Migrations,,Mathématiques appliquées à l'économie et à la finance (MAEF),Formation initiale,SCIENCES HUMAINES ET SOCIALES,Oui,15.0,2019.0,"Arts|Histoire de l'art et archéologie|Lettres|Philosophie|Droit|Economie|Science politique|Histoire|Psychologie|Sciences du langage|Sociologie|Arts plastiques|Langues étrangères appliquées|Langues, littératures et civilisations étrangères et régionales|Lettres, langues|Musicologie|Géographie et aménagement|Humanités|Sciences de l'Homme, anthropologie, ethnologie|Sciences sociales|Mathématiques et informatique appliquées aux sciences humaines et sociales|Sciences pour la santé",https://formations.pantheonsorbonne.fr/fr/catalogue-des-formations/master-M/sciences-humaines-et-sociales-SHS/master-migrations-KECKGYJH/master-parcours-migrations-KECKGYWB.html
Université de Lille,42 rue Paul Duez,,,LILLE,,Université de Lille,Migrations transnationales (MITRA),Formation initiale|Formation continue,Migrations transnationales : Cultural diversity,Formation initiale|Formation continue,SCIENCES HUMAINES ET SOCIALES,Oui,20.0,2021.0,,
Institut de la Communication,5 avenue Pierre Mendes-France,86 rue Pasteur Lyon,,Bron,"45.722593,4.915126",Université Lyon-II,Mode,Formation initiale|Formation continue,Mode et communication,Formation initiale|Formation continue,SCIENCES HUMAINES ET SOCIALES,Oui,36.0,2019.0,,
Université de Lille,42 rue Paul Duez,,,LILLE,,Université de Lille,Mondes anciens,Formation initiale|Formation continue,Egypte et Proche-Orient anciens,Formation initiale|Formation continue,"SCIENCES HUMAINES ET SOCIALES | ARTS, LETTRES, LANGUES",Oui,55.0,2021.0,,
EHESS (pôle Lyon),14 avenue Berthelot,Maison des Sciences de l’Homme - Lyon Saint Etienne,,Lyon,"45.746944,4.8351237",Ecole des hautes études en sciences sociales,Mondes médiévaux,Formation initiale,"Histoire, archéologie, littératures des mondes chrétiens et musulmans médiévaux",Formation initiale,SCIENCES HUMAINES ET SOCIALES,Oui,10.0,2019.0,,
UFR des Sciences économiques et de gestion,18 quai Claude Bernard,,,Lyon,"45.750784,4.836274",Université Lyon-II,"Monnaie, banque, finance, assurance",Formation initiale|Formation continue|Alternance,"Conseiller de clientèle de professionnels et gestion de patrimoine (CCProGP), alternance CFPB",Alternance,"DROIT, ECONOMIE, GESTION",Oui,155.0,2020.0,,
Université de Dijon,Esplanade Erasme,BP 27877,,DIJON CEDEX,,Université de Dijon,Musicologie,Formation initiale|Formation continue,Musicologie de la création et de la performance,Formation initiale|Formation continue,"ARTS, LETTRES, LANGUES",Oui,18.0,2021.0,,
U.F.R. de Lettres et Arts,9. rue du Temple,B.P. 10665,,ARRAS,"50.283639,2.79224",Université d'Artois,"Muséologie, muséo-expographie",Formation initiale|Formation continue|Apprentissage,Expographie - muséographie,Formation initiale|Formation continue|Apprentissage,"ARTS, LETTRES, LANGUES",Oui,15.0,2020.0,,
Université de Lille,Faculté des Sciences et Technologies,Département Mécanique,Cité Scientifique,Villeneuve d'Ascq cedex,"0.0,-0.0",Université de Lille,Mécanique,Formation initiale|Formation continue,Mécanique,Formation initiale|Formation continue,"SCIENCES, TECHNOLOGIES, SANTÉ",Oui,16.0,2020.0,Mécanique,
Université de Lille,Pont de Bois,UFR LLCE,BP 60149,VILLENEUVE D ASCQ,"50.63041,3.145987",Université de Lille,"Médiation interculturelle : identités, mobilités, conflits",Formation initiale|Formation continue,Art et responsabilité sociale - International,Formation initiale|Formation continue,SCIENCES HUMAINES ET SOCIALES,Oui,44.0,2019.0,,
ISTIC Informatique - électronique,Campus de Beaulieu,Avenue du Général Leclerc,CS 74205,RENNES,"48.118133,-1.637697",Université Rennes-I,Méthodes informatiques appliquées à la gestion des entreprises - MIAGE,Formation initiale,big data : décisionnel et apprentissage,Formation initiale,"SCIENCES, TECHNOLOGIES, SANTÉ",Oui,94.0,2020.0,,
Université du Mans,AVENUE OLIVIER MESSIAEN,,,LE MANS CEDEX 9,,Université du Mans,"Métiers de l'enseignement, de l'éducation et de la formation (MEEF), 1er degré",Formation initiale|Formation continue,,,Autre Domaine,Non,,2020.0,Toutes licences,https://inspe.univ-nantes.fr/notre-offre-de-formation/devenir-professeur-des-ecoles/master-metiers-de-l-enseignement-de-l-education-et-de-la-formation-meef-1er-degre-2023129.kjsp?RH=1403526763811
INSPE,30 Avenue Marcelin Berthelot,,,GRENOBLE,"0.0,-0.0",Université Grenoble Alpes,"Métiers de l'enseignement, de l'éducation et de la formation (MEEF), 2nd degré",Formation initiale|Formation continue,Sciences industrielles de l'ingénieur,Formation initiale|Formation continue,Autre Domaine,Oui,386.0,2020.0,,
Institut National Supérieur du Professorat et de l'Education,36 avenue Jean-Jaurès,CS 20001,,CHAMALIERES,"45.771778,3.073647",Université Clermont Auvergne,"Métiers de l'enseignement, de l'éducation et de la formation (MEEF), encadrement éducatif",Formation initiale|Formation continue,Conseiller principal d'éducation,Formation initiale|Formation continue,Autre Domaine,Oui,16.0,2020.0,,
Institut national des langues et civilisations orientales,65  RUE DES GRANDS MOULINS,,,PARIS,"48.827426,2.376227",Institut national des langues et civilisations orientales,"Métiers de l'enseignement, de l'éducation et de la formation (MEEF), pratiques et ingénierie de la formation (PIF)",Formation initiale,,,Autre Domaine,Sans objet,,2021.0,Toutes licences,https://www.inspe-paris.fr/
Université de Paris – Campus Grands Moulins,"5, rue Thomas Mann",,,Paris,"0.0,-0.0",Université de Paris,"Métiers des études, du conseil et de l'intervention (MECI)",Formation initiale|Formation continue|Alternance|Apprentissage,Projets informatiques et Stratégie d'entreprise,Formation initiale|Formation continue,SCIENCES HUMAINES ET SOCIALES,Oui,69.0,2020.0,,
Université d'Angers,40  RUE DE RENNES,,,ANGERS CEDEX 01,,Université d'Angers,Métiers du livre et de l'édition,Formation initiale|Formation continue,"Édition, édition multimédia, rédaction professionnelle",Formation initiale|Formation continue|Alternance,"ARTS, LETTRES, LANGUES",Sans objet,,2021.0,,
Institut national polytechnique de Toulouse,6  ALLÉE EMILE MONSO,,,TOULOUSE CEDEX 4,,Institut national polytechnique de Toulouse,Nanosciences et nanotechnologies,Formation initiale|Formation continue,Nanoscale Science and Engineering,Formation initiale|Formation continue,"SCIENCES, TECHNOLOGIES, SANTÉ",Sans objet,,2021.0,,
UFR Sciences et Technologies,Faculté Sciences Technologies,Bâtiment Lipmann,43 Boulevard du 11 novembre 1918,VILLEURBANNE,"45.778928,4.868194",Université Lyon-I,Neurosciences,Formation initiale,NEUROSCIENCES FONDAMENTALES ET CLINIQUES,Formation initiale|Formation continue,"SCIENCES, TECHNOLOGIES, SANTÉ",Oui,36.0,2019.0,,
Institut des Sciences et Techniques de Valenciennes - ISTV,Centre Universitaire La Forêt,6 rue de Rambouillet,,CAMBRAI,"50.189553,3.246099",Université Polytechnique Hauts-de-France,Nutrition et sciences des aliments,Formation initiale|Formation continue|Apprentissage,MAITRISE DE LA QUALITE ET DES RISQUES POUR LES BONNES PRATIQUES DE FABRICATION EN INDUSTRIE AGRO-ALIMENTAIRE,Formation initiale|Formation continue|Apprentissage,"SCIENCES, TECHNOLOGIES, SANTÉ",Oui,30.0,2019.0,,
Télécom Physique Strasbourg,300 BOULEVARD SEBASTIEN BRANT,,,ILLKIRCH-GRAFFENSTADEN,"48.525561,7.737725",Université de Strasbourg,"Optique, image, vision, multimédia",Formation initiale|Formation continue,Topographie et photogrammétrie,Formation initiale|Formation continue,"SCIENCES, TECHNOLOGIES, SANTÉ",Oui,75.0,2020.0,"Informatique|Physique|Electronique, énergie électrique, automatique",
Université Lyon-III,1  RUE DE L'UNIVERSITE,,,LYON CEDEX 02,,Université Lyon-III,Patrimoine et musées,Formation initiale,Médiations culturelles et numérique,Formation initiale,SCIENCES HUMAINES ET SOCIALES,Oui,40.0,2021.0,,
Université de Bordeaux,35  PLACE PEY BERLAND,,,BORDEAUX,,Université de Bordeaux,Pharmacologie,Formation initiale|Formation continue,Evaluation et promotion du bon usage des médicaments,,"SCIENCES, TECHNOLOGIES, SANTÉ",Sans objet,,2021.0,,
École Pratique des Hautes Études,4-14 rue Ferrus,,,Paris,"48.830842,2.34057",Université Paris Sciences et Lettres,Philosophie,Formation initiale,"Philosophie de la connaissance, histoire et philosophie des sciences",Formation initiale,SCIENCES HUMAINES ET SOCIALES,Oui,60.0,2020.0,,
UFR Sciences et Techniques,9 av. Alain Savary,BP 47870,,DIJON,"47.312927,5.070805",Université de Dijon,Physique,Formation initiale|Alternance,"Procédés, Contrôles, Matériaux Métalliques : Industrie nucléaire",Formation initiale|Alternance,"SCIENCES, TECHNOLOGIES, SANTÉ",Oui,14.0,2020.0,,
Université de Limoges,33  RUE FRANCOIS MITTERAND,,,LIMOGES CEDEX 1,,Université de Limoges,Physique appliquée et ingénierie physique,,HIGH FREQUENCY ELECTRONICS & PHOTONICS,,"SCIENCES, TECHNOLOGIES, SANTÉ",Oui,84.0,2021.0,,
Université Rennes-I,2  RUE DU THABOR,,,RENNES CEDEX,,Université Rennes-I,Physique fondamentale et applications,Formation initiale,photonique,Formation initiale,"SCIENCES, TECHNOLOGIES, SANTÉ",Oui,77.0,2021.0,,
"Institut d'enseignement supérieur et de recherche en alimentation, santé animale, sciences agronomiques et de l'environnement",1 AVENUE BOURGELAT,,,MARCY L ETOILE,,"Institut d'enseignement supérieur et de recherche en alimentation, santé animale, sciences agronomiques et de l'environnement",Plant and animal sciences facing new challenge,,,,"SCIENCES, TECHNOLOGIES, SANTÉ",,,2021.0,,
UFR Droit et Science Politique,39 rue de l'Université,,,MONTPELLIER,"43.61403,3.87705",Université de Montpellier,Politiques comparées,Formation initiale|Formation continue,,,"DROIT, ECONOMIE, GESTION",Oui,15.0,2021.0,Droit,https://formations.umontpellier.fr/odf/politiques_comparees.html
Université Paris II,92 rue d'Assas,,,Paris,"48.843572,2.333494",Université Paris-II,Politiques publiques,Formation initiale,Administration et politiques publiques,Formation initiale,"DROIT, ECONOMIE, GESTION",Oui,30.0,2019.0,,
Institut national supérieur de formation et de recherche pour l'éducation des jeunes handicapés et enseignements adaptés,58 avenue des Landes,,,SURESNES,,Institut national supérieur de formation et de recherche pour l'éducation des jeunes handicapés et enseignements adaptés,"Pratiques inclusives, handicap, accessibilité et accompagnement",,,,SCIENCES HUMAINES ET SOCIALES,Sans objet,,2021.0,,
Faculté des lettres. arts. philosophie. psychanalyse,Route de Mende,,,MONTPELLIER CEDEX 5,"43.630888,3.870329",Université Montpellier-III,Psychanalyse,Formation initiale|Formation continue|Formation à distance,,,"ARTS, LETTRES, LANGUES",Oui,180.0,2020.0,Lettres|Philosophie|Sciences de l'éducation,https://cales-new.univ-montp3.fr/fr/index/offre-de-formation/master-lmd-XB/arts-lettres-langues-ALL/master-1-psychanalyse-program-fr_rne_0341089z_pr_1297093440662.html
Université d'Aix-Marseille,58  BOULEVARD CHARLES LIVON,,,MARSEILLE CEDEX 07,,Université d'Aix-Marseille,Psychologie,Formation initiale|Formation continue,Ergonomie : facteurs humains et ingénierie des systèmes d'information (EFHISI),Formation initiale|Formation continue,SCIENCES HUMAINES ET SOCIALES,Oui,207.0,2021.0,,
Université  de Paris - Campus Grands Moulins,5 rue Thomas Mann,,,PARIS,"48.830259,2.380926",Université de Paris,Psychologie : psychopathologie clinique psychanalytique,Formation initiale|Formation continue,Clinique et psychopathologies infanto-juvéniles,Formation initiale|Formation continue,SCIENCES HUMAINES ET SOCIALES,Oui,340.0,2020.0,,
Université d'Amiens,CHEMIN DU THIL,,,AMIENS CEDEX 1,,Université d'Amiens,"Psychologie clinique, psychopathologie et psychologie de la santé",Formation initiale|Formation continue,PSYCHOLOGIE CLINIQUE,Formation initiale|Formation continue,SCIENCES HUMAINES ET SOCIALES,Oui,40.0,2021.0,Psychologie,https://www.u-picardie.fr/catalogue-formations/FI/co/master_cpps.html
Institut de Psychologie,5 avenue Pierre Mendes-France,,,Bron,"45.722593,4.915126",Université Lyon-II,Psychologie de l'éducation et de la formation,Formation initiale,"Développement, éducation et handicap",Formation initiale|Formation continue,SCIENCES HUMAINES ET SOCIALES,Oui,50.0,2019.0,,
Université Paris Nanterre,"200, avenue de la République",,,NANTERRE,"0.0,-0.0",Université Paris-X,Psychologie du développement,Formation initiale|Formation continue,"Psychologie clinique de développement des enfants et des adolescents : famille, école, justice",Formation initiale|Formation continue,SCIENCES HUMAINES ET SOCIALES,Oui,30.0,2020.0,,
Rennes,UFR sciences humaines,Place recteur Henri Le Moal,,Rennes,"48.123634,-1.700273",Université Rennes-II,"Psychologie sociale, du travail et des organisations",Formation initiale|Formation continue,"Ingénierie, psychologie sociale et cognitive",Formation initiale|Formation continue|Alternance,SCIENCES HUMAINES ET SOCIALES,Oui,40.0,2019.0,,
Université Paris-X,200 avenue de la République,,,NANTERRE CEDEX,,Université Paris-X,Psychologie: Neuropsychologie,Formation initiale|Formation continue,"Neuropsychologie clinique et cognitive à tous les âges de la vie, Neurosciences",Formation initiale|Formation continue,SCIENCES HUMAINES ET SOCIALES,Oui,20.0,2021.0,,
Institut National des Sciences Appliquées Hauts-de-France - INSA HdF,LE MONT HOUY,,,VALENCIENNES CEDEX 9,"50.324963,3.514934",Université Polytechnique Hauts-de-France,"Qualité, hygiène, sécurité",Formation initiale|Formation continue|Alternance|Apprentissage,Sécurité et Sûreté de Fonctionnement,Formation initiale|Formation continue|Alternance|Apprentissage,"SCIENCES, TECHNOLOGIES, SANTÉ",Oui,60.0,2020.0,"Sciences pour l'ingénieur|Physique, chimie|Sciences et techniques des activités physiques et sportives|Sciences et technologies|Sciences pour la santé",https://formations.uphf.fr/cdm/program/FR_RNE_593279U_PR_C5GTQ222
Université Toulouse-III,118 route de Narbonne,,,TOULOUSE CEDEX 9,,Université Toulouse-III,READAPTATION ET SOINS,,,,"SCIENCES, TECHNOLOGIES, SANTÉ",Sans objet,,2021.0,,
EHESS,2 rue de la Charité,Centre de la Vieille Charité,,Marseille,"43.300172,5.367602",Ecole des hautes études en sciences sociales,"Recherches comparatives en anthropologie, histoire, sociologie",Formation initiale,,,SCIENCES HUMAINES ET SOCIALES,Oui,30.0,2020.0,"Histoire|Sociologie|Sciences de l'Homme, anthropologie, ethnologie|Sciences sociales",https://www.ehess.fr/fr/master-recherches-comparatives-en-anthropologie-histoire-et-sociologie
Université Clermont Auvergne,49 boulevard François Mitterrand,49 Bld François Mitterand,,CLERMONT FERRAND CEDEX 1,,Université Clermont Auvergne,Relations internationales,Formation initiale|Formation continue,,,"DROIT, ECONOMIE, GESTION",Oui,35.0,2021.0,,
Campus Illberg,Université de Haute Alsace,Faculté des Sciences et Techniques,18 rue des Frères Lumière,Mulhouse,"47.730137,7.3099416",Université de Mulhouse,Risques et environnement,Formation initiale|Apprentissage,Ingénierie Environnementale et Energie (IEEN),Formation initiale|Formation continue|Apprentissage,"SCIENCES, TECHNOLOGIES, SANTÉ",Oui,40.0,2019.0,,
UFR de Sciences Exactes et Naturelles,Moulin de la Housse,BP 1039,,REIMS Cedex 2,"49.244349,4.063101",Université de Reims,Réseaux et télécommunication,Formation initiale|Formation continue|Alternance|Apprentissage,Administration et sécurité des réseaux,Formation initiale|Formation continue|Alternance|Apprentissage,"SCIENCES, TECHNOLOGIES, SANTÉ",Oui,48.0,2019.0,,
Instituts de formation en Masso kinésithérapie,,,,Rouen,"0.0,-0.0",Université de Rouen,Rééducation réadaptation - masso kinésithérapie,Formation initiale|Formation continue|Formation à distance,,,"SCIENCES, TECHNOLOGIES, SANTÉ",Oui,100.0,2021.0,,http://medecine-pharmacie.univ-rouen.fr/master-reeducation-readaptation-masso-kinesitherapie-684192.kjsp
UPEC- UFR Sciences de l'éducation. sciences sociales et STAPS,Immeuble Pyramide - 80 avenue du Général de Gaulle,,,CRETEIL,"48.796223,2.448015",Université Paris-XII,SCIENCES DU SPORT,,"Insertion, formation",Formation initiale|Formation continue,"SCIENCES, TECHNOLOGIES, SANTÉ",Sans objet,,2019.0,,
Faculté des Sciences et Technologies,avenue Michel Crépeau,,,La Rochelle,"46.153194,-1.156382",Université de La Rochelle,SCIENCES POUR L'ENVIRONNEMENT,Formation initiale|Formation continue|Alternance,Gestion de l'environnement et écologie littorale,Formation initiale|Formation continue,"SCIENCES, TECHNOLOGIES, SANTÉ | SCIENCES HUMAINES ET SOCIALES | DROIT, ECONOMIE, GESTION",Oui,96.0,2019.0,,
Ecole nationale supérieure des techniques avancées ParisTech,828  BOULEVARD DES MARECHAUX,,,PALAISEAU,"48.710371,2.219392",Ecole nationale supérieure des techniques avancées ParisTech,SCIENCES POUR L'INGENIEUR,Formation initiale,,,"SCIENCES, TECHNOLOGIES, SANTÉ",Sans objet,,2019.0,,
Pôle Guadeloupe,UFR Sciences et Techniques des Activités Physiques et Sportives,Campus de Fouillole,BP 592,POINTE-A-PITRE,"16.224895,-61.52847",UNIVERSITE DES ANTILLES,STAPS :  activité physique adaptée et santé,Formation initiale,Interventions en sport santé et adaptations en environnement tropical,Formation initiale,"SCIENCES, TECHNOLOGIES, SANTÉ",Oui,20.0,2020.0,,
ORSAY,,,,ORSAY,"0.0,-0.0",Université Paris-Saclay,STAPS : activité physique adaptée et santé,Formation initiale|Formation continue|Apprentissage,M2 Vieillissement et Handicap : Mouvement et Adaptation,Formation initiale|Formation continue|Apprentissage,SCIENCES HUMAINES ET SOCIALES,Oui,75.0,2020.0,,
Université de Lille,42 rue Paul Duez,,,LILLE,,Université de Lille,STAPS : entraînement et optimisation de la performance sportive,Formation initiale|Formation continue|Apprentissage,"PREPARATION DU SPORTIF : ASPECTS PHYSIQUES, NUTRITIONNELS ET MENTAUX",Formation initiale|Formation continue|Apprentissage,"SCIENCES, TECHNOLOGIES, SANTÉ",Oui,65.0,2021.0,,
UFR STAPS,30 rue du Jardin Botanique,,,VILLERS-LES-NANCY,"48.666668,6.157199",Université de Lorraine,STAPS : ingénierie et ergonomie de l'activité physique,Formation initiale|Formation continue,"Métrologie, Performance, Santé",Formation initiale|Formation continue,Autre Domaine,Oui,20.0,2021.0,Sciences et techniques des activités physiques et sportives,https://staps-nancy.univ-lorraine.fr/fr/content/formation
Université Paris Nanterre,"200, avenue de la République",,,NANTERRE,"0.0,-0.0",Université Paris-X,STAPS : management du sport,Formation initiale|Formation continue,Management des organisations Sportives,Formation initiale|Formation continue,"SCIENCES, TECHNOLOGIES, SANTÉ",Oui,25.0,2020.0,,
UFR Simone Veil - Santé,2 avenue de la Source de la Bièvre,,,Montigny-Le-Bretonneux,"0.0,-0.0",Université de Versailles Saint-Quentin-en-Yvelines,Santé,Formation initiale|Formation continue|Apprentissage,Sciences Cliniques en soins paramédicaux,Formation continue,"SCIENCES, TECHNOLOGIES, SANTÉ",Oui,20.0,2020.0,,
UFR médecine et pharmacie,6 Rue de la Milétrie,Bât. D1,TSA 51115,Poitiers Cedex 9,"46.560668,0.3794221",Université de Poitiers,Santé Approche Interprofessionnelle des Pathologies Chroniques,Formation initiale|Formation continue,,,"SCIENCES, TECHNOLOGIES, SANTÉ",Oui,30.0,2019.0,Sciences et techniques des activités physiques et sportives|Sciences pour la santé,
Université Paris-X,200 avenue de la République,,,NANTERRE CEDEX,,Université Paris-X,Santé et société,,,,SCIENCES HUMAINES ET SOCIALES,Sans objet,,2020.0,,
FACULTES DE MEDECINE ET DE PHARMACIE,CAMPUS MARCLAND,2 RUE DU DOCTEUR MARCLAND,,LIMOGES CEDEX,"45.8147,-1.23292",Université de Limoges,Santé publique,Formation initiale|Formation continue,ZOONOSES ET ENVIRONNEMENT,Formation initiale|Formation continue,"SCIENCES, TECHNOLOGIES, SANTÉ",Oui,60.0,2021.0,Sciences de la vie,https://www.medecine.unilim.fr/formations/masters/
EHESP,20 avenue George Sand,,,La Plaine Saint Denis,"0.0,-0.0",Ecole des hautes études en santé publique,Santé publique / Public Health,Formation initiale|Formation continue,,,"SCIENCES, TECHNOLOGIES, SANTÉ",Oui,30.0,2021.0,Droit|Economie|Science politique|Sciences sanitaires et sociales|Sciences pour l'ingénieur|Sciences sociales|Sciences de la vie|Sciences pour la santé,https://mph.ehesp.fr/
EHESS,54 boulevard raspail,,,Paris,"48.850075,2.327104",Ecole des hautes études en sciences sociales,Savoirs en société,Formation initiale,Etudes environnementales,Formation initiale,SCIENCES HUMAINES ET SOCIALES,Oui,60.0,2019.0,,
Université de la Nouvelle Calédonie,145  AVENUE JAMES COOK,BP R4,,NOUMEA CEDEX,,Université de la Nouvelle Calédonie,Science de la durabilité,Formation initiale,,,SCIENCES ET TECHNOLOGIES,,,2021.0,,
Université de Lille,Faculté des Sciences et Technologies,Département Informatique,Cité Scientifique,Villeneuve d'Ascq Cedex,"0.0,-0.0",Université de Lille,Science des données,Formation initiale|Formation continue,,,"SCIENCES, TECHNOLOGIES, SANTÉ",Oui,25.0,2021.0,"Informatique|Mathématiques|Electronique, énergie électrique, automatique",https://www.univ-lille.fr/formations/typeDiplome/master
Université des Sciences et Techniques de Hanoi – USTH,Campus de la VAST,,,Hanoi,"21.048082,105.80123",Université Paris-XI,Science des matériaux avancés et nanotechnologie / Advanced Materials Science and Nanotechnology,Formation initiale,Matériaux pour la structure et l'énergie,Formation initiale,"SCIENCES, TECHNOLOGIES, SANTÉ",Sans objet,,2019.0,,
Université Paris-Saclay,Route de l'Orme aux Merisiers RD,,,ST AUBIN,,Université Paris-Saclay,Science politique,Formation initiale|Formation continue|Apprentissage,M2 Politiques de prévention et de sécurité,Formation initiale|Formation continue,"SCIENCES HUMAINES ET SOCIALES | DROIT, ECONOMIE, GESTION",Oui,70.0,2021.0,,
Université de Rouen,1  RUE THOMAS BECKET,,,MONT ST AIGNAN CEDEX,,Université de Rouen,Sciences Infirmières,Formation initiale|Formation à distance,Infirmier en Pratique avancée - Psychiatrie et santé mentale,Formation initiale|Formation à distance,"SCIENCES, TECHNOLOGIES, SANTÉ",Oui,100.0,2021.0,,
Ecole normale supérieure de Lyon,15  PARVIS RENE DESCARTES,,,LYON CEDEX 07,,Ecole normale supérieure de Lyon,Sciences cognitives,Formation initiale,Sciences Cognitives Fondamentales et Appliquées,Formation initiale,SCIENCES HUMAINES ET SOCIALES,Oui,4.0,2021.0,,
UFR d'éducation,163  RUE AUGUSTE BROUSSONNET,,,MONTPELLIER,"43.621117,3.867654",Université de Montpellier,Sciences de l'Education,Formation initiale|Formation continue,,,"SCIENCES, TECHNOLOGIES, SANTÉ",Oui,60.0,2021.0,"Lettres|Economie|Sciences de l'éducation|Sciences du langage|Langues étrangères appliquées|Langues, littératures et civilisations étrangères et régionales|Lettres, langues|Economie et gestion|Sciences et technologies",https://formations.umontpellier.fr/odf/innovation_education_et_societe.html
Institut supérieur de l'aéronautique et de l'espace (ISAE),10  AVENUE EDOUARD BELIN,,,TOULOUSE CEDEX 4,,Institut supérieur de l'aéronautique et de l'espace (ISAE),Sciences de l'Univers et technologies spatiales,Formation initiale,,,"SCIENCES, TECHNOLOGIES, SANTÉ",Sans objet,,2021.0,,
INSA Rennes,20 avenue des Buttes de Coësmes,CS 70839,,RENNES Cedex 7,"48.122923,-1.636779",Institut national des sciences appliquées de Rennes,Sciences de l'eau,Formation initiale,"Hydro-géologie, hydro-biogéochimie, hydro-pédologie",Formation initiale,"SCIENCES, TECHNOLOGIES, SANTÉ",Sans objet,,2020.0,,
Ecole nationale supérieure des sciences de l'information et des bibliothèques,17-21. boulevard du 11 novembre 1918,,,Villeurbanne,"45.779457,4.86213",Ecole nationale supérieure des sciences de l'information et des bibliothèques,Sciences de l'information et des bibliothèques,Formation initiale,PANIST,Formation initiale|Alternance|Apprentissage,SCIENCES HUMAINES ET SOCIALES,Oui,50.0,2020.0,,
Université Lyon-I,43 BOULEVARD DU 11 NOVEMBRE 1918,,,VILLEURBANNE CEDEX,,Université Lyon-I,"Sciences de l'océan, de l'atmosphère et du climat",Formation initiale|Formation continue|Alternance|Apprentissage,CLIMAT,Formation initiale|Formation continue|Alternance|Apprentissage,"SCIENCES, TECHNOLOGIES, SANTÉ",Oui,60.0,2021.0,,
Ecole nationale supérieure des techniques avancées ParisTech,828  BOULEVARD DES MARECHAUX,,,PALAISEAU,"48.710371,2.219392",Ecole nationale supérieure des techniques avancées ParisTech,"Sciences de l'univers, Environnement, Ecologie",Formation initiale,,,"SCIENCES, TECHNOLOGIES, SANTÉ",Sans objet,,2019.0,,
Université de Lille,Département SEFA,,Cité Scientifique,Villeneuve d'Ascq Cedex,"0.0,-0.0",Université de Lille,Sciences de l'éducation et de la formation,Formation initiale|Formation continue|Formation à distance,Ingénierie de la formation des adultes,Formation initiale|Formation continue|Formation à distance,SCIENCES HUMAINES ET SOCIALES,Oui,250.0,2020.0,,
BURES SUR YVETTE,,,,BURES SUR YVETTE,"0.0,-0.0",Université Paris-Saclay,"Sciences de la Terre et des planètes, environnement",Formation initiale|Formation continue|Apprentissage,M1 Environnement et Génie Géologique,Formation initiale|Apprentissage,"SCIENCES, TECHNOLOGIES, SANTÉ",Oui,98.0,2020.0,,
Ecole normale supérieure de Lyon,15  PARVIS RENE DESCARTES,,,LYON CEDEX 07,,Ecole normale supérieure de Lyon,Sciences de la matière,Formation initiale,FEADéP (physique),Formation initiale,"SCIENCES, TECHNOLOGIES, SANTÉ",Oui,34.0,2021.0,,
Perpignan,UFR SCIENCES EXACTES ET EXPERIMENTALES,UNIVERSITE DE PERPIGNAN,52. Avenue PAUL ALDUY,PERPIGNAN,"42.682878,2.90181",Université de Perpignan,Sciences de la mer,Formation initiale,Géosciences marines et environnements aquatiques,Formation initiale,"SCIENCES, TECHNOLOGIES, SANTÉ",Oui,28.0,2019.0,Géographie et aménagement|Sciences de la Terre|Sciences de la vie et de la Terre,https://www.univ-perp.fr/fr/je-choisis-ma-formation
